Year,Ceremony,Award,Winner,Name,Film,Revenue,Budget,Runtime,Vote_average_list,Vote_count,Popularity,Genre,Release_Date
1944,17,Best Motion Picture,0,Double Indemnity ,Paramount,2500000,927262,107,8.2,643,11.853,Crime,1944-04-24
1944,17,Best Motion Picture,0,Gaslight ,Metro-Goldwyn-Mayer,0,2068000,114,7.4,118,6.868,Drama,1944-05-04
1944,17,Best Motion Picture,1,Going My Way ,Paramount,16300000,0,130,7.1,51,3.592,Drama,1944-05-15
1944,17,Best Motion Picture,0,Since You Went Away ,Selznick International Pictures,0,0,172,6.3,10,1.4,Drama,1944-07-20
1944,17,Best Motion Picture,0,Wilson ,20th Century-Fox,2000000,2995000,154,5.5,6,0.771,Romance,1944-08-01
1945,18,Best Motion Picture,0,Anchors Aweigh ,Metro-Goldwyn-Mayer,0,0,143,7.0,66,4.672,Comedy,1945-07-14
1945,18,Best Motion Picture,0,The Bells of St. Mary's ,Rainbow Productions,21300000,0,126,7.4,53,2.62,Drama,1945-12-27
1945,18,Best Motion Picture,1,The Lost Weekend ,Paramount,11000000,1250000,101,7.6,185,5.871,Drama,1945-11-29
1945,18,Best Motion Picture,0,Mildred Pierce ,Warner Brothers,5638000,1453000,111,7.7,127,6.637,Crime,1945-10-20
1945,18,Best Motion Picture,0,Spellbound ,Selznick International Pictures,7000000,1500000,111,7.4,279,8.192,Drama,1945-12-28
1946,19,Best Motion Picture,1,The Best Years of Our Lives ,Samuel Goldwyn Productions,23650000,2100000,172,7.8,207,9.803,Drama,1946-12-25
1946,19,Best Motion Picture,0,Henry V ,J. Arthur Rank-Two Cities Films,0,0,137,6.8,39,2.351,Drama,1944-11-24
1946,19,Best Motion Picture,0,It's a Wonderful Life ,Liberty Films,9644124,3180000,130,8.2,1695,36.346,Drama,1946-12-20
1946,19,Best Motion Picture,0,The Razor's Edge ,20th Century-Fox,0,0,145,6.8,32,3.329,Drama,1946-11-19
1946,19,Best Motion Picture,0,The Yearling ,Metro-Goldwyn-Mayer,0,0,128,6.5,36,2.116,Drama,1946-12-18
1947,20,Best Motion Picture,0,The Bishop's Wife ,Samuel Goldwyn Productions,0,0,109,7.2,67,5.19,Comedy,1947-12-09
1947,20,Best Motion Picture,0,Crossfire ,RKO Radio,1300000,250000,86,6.6,36,2.898,Crime,1947-08-15
1947,20,Best Motion Picture,1,Gentleman's Agreement ,20th Century-Fox,7800000,2000000,118,7.3,72,4.337,Drama,1947-11-11
1947,20,Best Motion Picture,0,Great Expectations ,J. Arthur Rank-Cineguild,0,0,118,7.1,108,6.693,Drama,1946-12-26
1947,20,Best Motion Picture,0,Miracle on 34th Street ,20th Century-Fox,0,0,96,7.5,221,23.002,Comedy,1947-10-01
1948,21,Best Motion Picture,1,Hamlet ,J. Arthur Rank-Two Cities Films,0,750000,155,7.6,76,4.424,Drama,1948-03-25
1948,21,Best Motion Picture,0,Johnny Belinda ,Warner Brothers,0,0,102,6.9,29,1.675,Drama,1948-09-14
1948,21,Best Motion Picture,0,The Red Shoes ,J. Arthur Rank-Archers,0,500000,133,8.1,199,6.33,Drama,1948-07-20
1948,21,Best Motion Picture,0,The Snake Pit ,20th Century-Fox,0,0,108,7.2,34,2.618,Drama,1948-11-04
1948,21,Best Motion Picture,0,The Treasure of the Sierra Madre ,Warner Brothers,4307000,3800000,126,8.1,423,11.654,Action,1948-01-24
1949,22,Best Motion Picture,1,All the King's Men ,Robert Rossen Productions,0,0,109,7.1,65,5.469,Drama,1949-11-08
1949,22,Best Motion Picture,0,Battleground ,Metro-Goldwyn-Mayer,0,0,118,6.8,34,4.008,Action,1949-11-09
1949,22,Best Motion Picture,0,The Heiress ,Paramount,0,2600000,115,7.7,60,4.361,Drama,1949-10-06
1949,22,Best Motion Picture,0,A Letter to Three Wives ,20th Century-Fox,0,0,103,7.2,43,3.031,Drama,1949-01-20
1949,22,Best Motion Picture,0,Twelve O'Clock High ,20th Century-Fox,3225000,0,132,7.1,48,2.729,War,1949-12-21
1950,23,Best Motion Picture,1,All about Eve ,20th Century-Fox,63463,1400000,139,8.2,577,10.221,Drama,1950-11-09
1950,23,Best Motion Picture,0,Born Yesterday ,Columbia,0,0,103,7.0,49,4.151,Comedy,1950-12-25
1950,23,Best Motion Picture,0,Father of the Bride ,Metro-Goldwyn-Mayer,0,0,92,7.0,68,5.958,Comedy,1950-06-16
1950,23,Best Motion Picture,0,King Solomon's Mines ,Metro-Goldwyn-Mayer,0,0,103,6.3,34,2.918,Action,1950-11-09
1950,23,Best Motion Picture,0,Sunset Blvd. ,Paramount,5000000,1752000,110,8.4,884,15.428,Drama,1950-08-10
1951,24,Best Motion Picture,1,An American in Paris ,"Arthur Freed, Producer",4500000,2723903,113,7.0,211,8.442,Drama,1951-08-08
1951,24,Best Motion Picture,0,Decision before Dawn ,"Anatole Litvak and Frank McCarthy, Producers",0,0,119,7.0,15,1.161,War,1951-12-21
1951,24,Best Motion Picture,0,A Place in the Sun ,"George Stevens, Producer",0,0,122,7.4,127,6.609,Drama,1951-06-12
1951,24,Best Motion Picture,0,Quo Vadis ,"Sam Zimbalist, Producer",30000000,8250000,171,7.1,120,8.102,Drama,1951-11-08
1951,24,Best Motion Picture,0,A Streetcar Named Desire ,"Charles K. Feldman, Producer",8000000,1800000,125,7.8,476,10.414,Drama,1951-09-18
1952,25,Best Motion Picture,1,The Greatest Show on Earth ,"Cecil B. DeMille, Producer",36000000,4000000,152,6.4,76,5.09,Action,1952-01-10
1952,25,Best Motion Picture,0,High Noon ,"Stanley Kramer, Producer",8000000,730000,85,7.7,517,8.329,Western,1952-03-27
1952,25,Best Motion Picture,0,Ivanhoe ,"Pandro S. Berman, Producer",0,0,106,7.0,63,5.611,Action,1952-01-01
1952,25,Best Motion Picture,0,Moulin Rouge ,Romulus Films,0,1500000,119,6.7,28,1.858,Drama,1952-12-23
1952,25,Best Motion Picture,0,The Quiet Man ,"John Ford and Merian C. Cooper, Producers",0,0,129,7.4,174,5.737,Comedy,1952-07-21
1953,26,Best Motion Picture,1,From Here to Eternity ,"Buddy Adler, Producer",30500000,1650000,118,7.4,217,7.745,Drama,1953-08-28
1953,26,Best Motion Picture,0,Julius Caesar ,"John Houseman, Producer",0,0,120,7.2,58,2.917,Drama,1953-06-04
1953,26,Best Motion Picture,0,The Robe ,"Frank Ross, Producer",36000000,4100000,135,6.5,74,4.73,Drama,1953-09-16
1953,26,Best Motion Picture,0,Roman Holiday ,"William Wyler, Producer",12000000,1500000,119,7.9,795,12.947,Comedy,1953-08-26
1953,26,Best Motion Picture,0,Shane ,"George Stevens, Producer",20000000,3100000,118,7.4,225,6.866,Drama,1953-04-23
1954,27,Best Motion Picture,0,The Caine Mutiny ,"Stanley Kramer, Producer",21750000,2000000,124,7.3,116,5.955,Drama,1954-06-23
1954,27,Best Motion Picture,0,The Country Girl ,"William Perlberg, Producer",0,0,104,7.7,20,4.369,Music,1954-05-17
1954,27,Best Motion Picture,1,On the Waterfront ,"Sam Spiegel, Producer",9600000,910000,108,8.1,577,7.903,Crime,1954-06-22
1954,27,Best Motion Picture,0,Seven Brides for Seven Brothers ,"Jack Cummings, Producer",5000000,0,102,7.4,215,7.465,Comedy,1954-07-22
1954,27,Best Motion Picture,0,Three Coins in the Fountain ,"Sol C. Siegel, Producer",0,0,102,6.2,18,1.523,Drama,1954-05-01
1955,28,Best Motion Picture,0,Love Is a Many-Splendored Thing ,"Buddy Adler, Producer",0,0,102,6.4,31,1.621,Drama,1955-08-18
1955,28,Best Motion Picture,1,Marty ,"Harold Hecht, Producer",3000000,343000,90,7.5,111,5.378,Drama,1955-04-11
1955,28,Best Motion Picture,0,Mister Roberts ,"Leland Hayward, Producer",0,0,123,7.2,55,3.341,Comedy,1955-07-13
1955,28,Best Motion Picture,0,Picnic ,"Fred Kohlmar, Producer",0,0,115,6.9,31,3.184,Drama,1955-11-18
1955,28,Best Motion Picture,0,The Rose Tattoo ,"Hal B. Wallis, Producer",0,0,117,7.6,19,1.066,Drama,1955-12-12
1956,29,Best Motion Picture,1,Around the World in 80 Days ,"Michael Todd, Producer",42000000,6000000,167,6.5,161,7.311,Adventure,1956-10-17
1956,29,Best Motion Picture,0,Friendly Persuasion ,"William Wyler, Producer",0,0,137,6.5,33,1.865,Drama,1956-11-25
1956,29,Best Motion Picture,0,Giant ,"George Stevens and Henry Ginsberg, Producers",35000000,5400000,201,7.6,265,5.522,Action,1956-10-10
1956,29,Best Motion Picture,0,The King and I ,"Charles Brackett, Producer",21300000,4550000,133,7.3,159,7.106,Drama,1956-06-29
1956,29,Best Motion Picture,0,The Ten Commandments ,"Cecil B. DeMille, Producer",122700000,13000000,220,7.6,509,11.599,Drama,1956-10-05
1957,30,Best Motion Picture,1,The Bridge on the River Kwai ,"Sam Spiegel, Producer",27200000,3000000,161,7.9,813,13.093,Drama,1957-10-02
1957,30,Best Motion Picture,0,Peyton Place ,"Jerry Wald, Producer",0,0,151,7.1,24,2.937,Drama,1957-12-13
1957,30,Best Motion Picture,0,Sayonara ,"William Goetz, Producer",0,0,147,6.8,38,4.331,Drama,1957-12-05
1957,30,Best Motion Picture,0,12 Angry Men ,"Henry Fonda and Reginald Rose, Producers",1000000,350000,97,8.4,3226,17.513,Drama,1957-03-25
1957,30,Best Motion Picture,0,Witness for the Prosecution ,"Arthur Hornblow, Jr., Producer",9000000,3000000,116,8.3,444,8.516,Drama,1957-12-17
1958,31,Best Motion Picture,0,Auntie Mame ,Warner Brothers,0,0,143,7.2,40,2.425,Comedy,1958-12-27
1958,31,Best Motion Picture,0,Cat on a Hot Tin Roof ,"Lawrence Weingarten, Producer",17570324,3000000,108,7.8,272,9.118,Drama,1958-02-17
1958,31,Best Motion Picture,0,The Defiant Ones ,"Stanley Kramer, Producer",0,0,96,7.0,73,4.789,Crime,1958-08-14
1958,31,Best Motion Picture,1,Gigi ,"Arthur Freed, Producer",0,3319355,116,6.4,107,6.114,Comedy,1958-04-15
1958,31,Best Motion Picture,0,Separate Tables ,"Harold Hecht, Producer",0,0,100,7.1,39,3.326,Drama,1958-12-18
1959,32,Best Motion Picture,0,Anatomy of a Murder ,"Otto Preminger, Producer",0,0,160,7.9,315,7.494,Crime,1959-07-01
1959,32,Best Motion Picture,1,Ben-Hur ,"Sam Zimbalist, Producer",146900000,15000000,212,7.7,1022,14.934,Adventure,1959-12-26
1959,32,Best Motion Picture,0,The Diary of Anne Frank ,"George Stevens, Producer",0,3000000,180,7.2,122,7.831,Drama,1959-03-18
1959,32,Best Motion Picture,0,The Nun's Story ,"Henry Blanke, Producer",12800000,3500000,149,7.3,66,4.297,Drama,1959-06-18
1959,32,Best Motion Picture,0,Room at the Top ,"John Woolf and James Woolf, Producers",0,0,115,6.9,26,3.977,Drama,1959-01-22
1960,33,Best Motion Picture,0,The Alamo ,"John Wayne, Producer",7900000,12000000,167,6.8,112,7.313,Action,1960-10-23
1960,33,Best Motion Picture,1,The Apartment ,"Billy Wilder, Producer",25000000,3000000,125,8.2,767,14.791,Comedy,1960-06-15
1960,33,Best Motion Picture,0,Elmer Gantry ,"Bernard Smith, Producer",10400000,3000000,146,7.5,49,3.33,Drama,1960-06-19
1960,33,Best Motion Picture,0,Sons and Lovers ,"Jerry Wald, Producer",0,0,103,6.6,7,1.582,Drama,1960-08-29
1960,33,Best Motion Picture,0,The Sundowners ,"Fred Zinnemann, Producer",0,0,133,6.5,18,1.563,Drama,1960-12-08
1961,34,Best Motion Picture,0,Fanny ,"Joshua Logan, Producer",0,0,134,6.5,12,1.071,Drama,1961-06-28
1961,34,Best Motion Picture,0,The Guns of Navarone ,"Carl Foreman, Producer",28900000,6000000,158,7.5,271,10.958,Action,1961-04-27
1961,34,Best Motion Picture,0,The Hustler ,"Robert Rossen, Producer",7600000,2000000,134,7.8,369,9.184,Drama,1961-09-25
1961,34,Best Motion Picture,0,Judgment at Nuremberg ,"Stanley Kramer, Producer",10000000,3000000,186,8.0,252,8.289,Drama,1961-12-01
1961,34,Best Motion Picture,1,West Side Story ,"Robert Wise, Producer",43656822,6000000,152,7.3,685,9.82,Crime,1961-10-18
1962,35,Best Picture,1,Lawrence of Arabia ,"Sam Spiegel, Producer",69995385,15000000,216,8.0,1270,11.971,Adventure,1962-12-10
1962,35,Best Picture,0,The Longest Day ,"Darryl F. Zanuck, Producer",50100000,10000000,178,7.5,362,10.18,Drama,1962-09-25
1962,35,Best Picture,0,Meredith Willson's The Music Man ,"Morton Da Costa, Producer",2500000,927262,107,8.2,643,11.853,Crime,1944-04-24
1962,35,Best Picture,0,Mutiny on the Bounty ,"Aaron Rosenberg, Producer",13680000,19000000,178,6.9,101,8.241,Adventure,1962-11-08
1962,35,Best Picture,0,To Kill a Mockingbird ,"Alan J. Pakula, Producer",13129846,2000000,129,8.0,1141,9.438,Crime,1962-12-25
1963,36,Best Picture,0,America America ,"Elia Kazan, Producer",0,0,174,6.4,26,1.632,Drama,1963-12-15
1963,36,Best Picture,0,Cleopatra ,"Walter Wanger, Producer",71000000,31115000,248,6.9,227,10.641,Drama,1963-06-12
1963,36,Best Picture,0,How the West Was Won ,"Bernard Smith, Producer",50000000,15000000,162,7.0,132,9.111,Western,1962-11-01
1963,36,Best Picture,0,Lilies of the Field ,"Ralph Nelson, Producer",0,0,94,7.2,39,1.767,Comedy,1963-06-04
1963,36,Best Picture,1,Tom Jones ,"Tony Richardson, Producer",37600000,1000000,128,6.6,53,5.137,Adventure,1963-08-24
1964,37,Best Picture,0,Becket ,"Hal B. Wallis, Producer",0,0,148,7.4,67,5.289,Drama,1964-03-11
1964,37,Best Picture,0,Dr. Strangelove or: How I Learned to Stop Worrying and Love the Bomb ,"Stanley Kubrick, Producer",9440272,1800000,95,8.1,2340,14.004,Drama,1964-01-29
1964,37,Best Picture,0,Mary Poppins ,"Walt Disney and Bill Walsh, Producers",102272727,6000000,139,7.5,2027,14.58,Comedy,1964-08-27
1964,37,Best Picture,1,My Fair Lady ,"Jack L. Warner, Producer",72070731,17000000,170,7.7,540,12.419,Drama,1964-10-21
1964,37,Best Picture,0,Zorba the Greek ,"Michael Cacoyannis, Producer",0,783000,142,7.4,105,7.326,Adventure,1964-12-14
1965,38,Best Picture,0,Darling ,"Joseph Janni, Producer",0,0,128,6.7,41,4.541,Drama,1965-08-03
1965,38,Best Picture,0,Doctor Zhivago ,"Carlo Ponti, Producer",111858363,11000000,200,7.6,405,9.227,Drama,1965-12-22
1965,38,Best Picture,0,Ship of Fools ,"Stanley Kramer, Producer",0,0,149,6.2,24,2.81,Drama,1965-07-29
1965,38,Best Picture,1,The Sound of Music ,"Robert Wise, Producer",286214286,8200000,174,7.6,1454,21.405,Drama,1965-03-02
1965,38,Best Picture,0,A Thousand Clowns ,"Fred Coe, Producer",0,0,118,7.4,11,0.671,Comedy,1965-12-13
1966,39,Best Picture,0,Alfie ,"Lewis Gilbert, Producer",0,0,114,6.7,90,5.529,Comedy,1966-03-29
1966,39,Best Picture,1,A Man for All Seasons ,"Fred Zinnemann, Producer",28350000,3900000,120,7.6,136,6.495,Drama,1966-12-12
1966,39,Best Picture,0,The Russians Are Coming The Russians Are Coming ,"Norman Jewison, Producer",0,0,126,6.3,38,3.525,Comedy,1966-05-25
1966,39,Best Picture,0,The Sand Pebbles ,"Robert Wise, Producer",20000000,12000000,182,7.3,95,6.905,Action,1966-12-20
1966,39,Best Picture,0,Who's Afraid of Virginia Woolf? ,"Ernest Lehman, Producer",33736689,7500000,131,8.0,299,6.648,Drama,1966-06-21
1967,40,Best Picture,0,Bonnie and Clyde ,"Warren Beatty, Producer",50700000,2500000,111,7.6,576,7.905,Crime,1967-07-18
1967,40,Best Picture,0,Doctor Dolittle ,"Arthur P. Jacobs, Producer",9000000,18000000,152,6.0,63,5.602,Adventure,1967-12-19
1967,40,Best Picture,0,The Graduate ,"Lawrence Turman, Producer",104945305,3000000,106,7.7,1311,11.341,Comedy,1967-12-21
1967,40,Best Picture,0,Guess Who's Coming to Dinner ,"Stanley Kramer, Producer",56666667,4000000,108,7.7,276,7.609,Comedy,1967-12-11
1967,40,Best Picture,1,In the Heat of the Night ,"Walter Mirisch, Producer",27379978,2000000,109,7.7,338,7.843,Crime,1967-08-02
1968,41,Best Picture,0,Funny Girl ,"Ray Stark, Producer",52223306,14000000,149,7.1,136,5.178,Comedy,1968-09-19
1968,41,Best Picture,0,The Lion in Winter ,"Martin Poll, Producer",0,0,134,7.6,122,7.517,Drama,1968-01-01
1968,41,Best Picture,1,Oliver! ,"John Woolf, Producer",37402877,10000000,153,7.1,157,9.345,Drama,1968-09-26
1968,41,Best Picture,0,"Rachel, Rachel ","Paul Newman, Producer",0,0,101,6.6,20,1.261,Drama,1968-01-01
1968,41,Best Picture,0,Romeo and Juliet ,"Anthony Havelock-Allan and John Brabourne, Producers",38901218,0,138,7.4,240,10.902,Drama,1968-04-02
1969,42,Best Picture,0,Anne of the Thousand Days ,"Hal B. Wallis, Producer",0,0,145,7.1,42,3.568,Drama,1969-12-18
1969,42,Best Picture,0,Butch Cassidy and the Sundance Kid ,"John Foreman, Producer",102308889,6000000,111,7.6,910,18.186,Crime,1969-09-23
1969,42,Best Picture,0,"Hello, Dolly! ","Ernest Lehman, Producer",33208099,24000000,146,7.0,90,5.041,Comedy,1969-12-12
1969,42,Best Picture,1,Midnight Cowboy ,"Jerome Hellman, Producer",44785053,3600000,113,7.6,476,13.58,Drama,1969-05-25
1969,42,Best Picture,0,Z ,"Jacques Perrin and Hamed Rachedi, Producers",83305,0,127,8.1,145,6.755,Drama,1969-02-26
1970,43,Best Picture,0,Airport ,"Ross Hunter, Producer",100489151,10000000,137,6.4,136,7.657,Action,1970-03-05
1970,43,Best Picture,0,Five Easy Pieces ,"Bob Rafelson and Richard Wechsler, Producers",0,0,98,7.3,176,5.525,Drama,1970-09-12
1970,43,Best Picture,0,Love Story ,"Howard G. Minsky, Producer",136400000,2200000,99,6.6,213,7.17,Drama,1970-12-16
1970,43,Best Picture,1,MASH,"Ingo Preminger, Producer",81600000,3500000,116,7.0,352,8.389,Comedy,1970-01-24
1970,43,Best Picture,1,Patton ,"Frank McCarthy, Producer",89800000,12000000,172,7.4,460,11.655,Drama,1970-01-25
1971,44,Best Picture,0,A Clockwork Orange ,"Stanley Kubrick, Producer",26589000,2200000,136,8.2,5674,22.492,Science Fiction,1971-12-18
1971,44,Best Picture,0,Fiddler on the Roof ,"Norman Jewison, Producer",83304330,9000000,181,7.8,187,10.117,Drama,1971-11-03
1971,44,Best Picture,1,The French Connection ,"Philip D'Antoni, Producer",41158757,1800000,104,7.5,652,12.37,Action,1971-10-09
1971,44,Best Picture,0,The Last Picture Show ,"Stephen J. Friedman, Producer",29133000,1300000,119,7.8,213,7.924,Drama,1971-10-02
1971,44,Best Picture,0,Nicholas and Alexandra ,"Sam Spiegel, Producer",0,0,189,7.3,23,4.527,Romance,1971-11-29
1972,45,Best Picture,0,Cabaret ,"Cy Feuer, Producer",0,6000000,124,7.5,337,8.554,Drama,1972-02-13
1972,45,Best Picture,0,Deliverance ,"John Boorman, Producer",46122355,2000000,109,7.3,637,7.221,Drama,1972-07-30
1972,45,Best Picture,0,The Emigrants ,"Bengt Forslund, Producer",0,0,191,7.0,36,4.878,Adventure,1971-03-08
1972,45,Best Picture,1,The Godfather ,"Albert S. Ruddy, Producer",245066411,6000000,175,8.6,8780,29.89,Drama,1972-03-14
1972,45,Best Picture,0,Sounder ,"Robert B. Radnitz, Producer",0,0,105,7.3,13,0.85,Drama,1972-09-24
1973,46,Best Picture,0,American Graffiti ,"Francis Ford Coppola, Producer; Gary Kurtz, Co-Producer",140000000,777000,110,7.1,538,10.178,Comedy,1973-08-01
1973,46,Best Picture,0,Cries and Whispers ,"Ingmar Bergman, Producer",2500000,927262,107,8.2,643,11.853,Crime,1944-04-24
1973,46,Best Picture,0,The Exorcist ,"William Peter Blatty, Producer",441306145,8000000,122,7.6,3314,17.922,Drama,1973-12-26
1973,46,Best Picture,1,The Sting ,"Tony Bill, Michael Phillips and Julia Phillips, Producers",159616327,5500000,129,8.0,971,9.249,Comedy,1973-12-25
1973,46,Best Picture,0,A Touch of Class ,"Melvin Frank, Producer",0,0,106,6.4,19,1.808,Comedy,1973-01-01
1974,47,Best Picture,0,Chinatown ,"Robert Evans, Producer",30000000,6000000,130,7.9,1478,12.392,Crime,1974-06-20
1974,47,Best Picture,0,The Conversation ,"Francis Ford Coppola, Producer; Fred Roos, Co-Producer",4420000,1600000,113,7.6,545,5.996,Crime,1974-04-07
1974,47,Best Picture,1,The Godfather Part II ,"Francis Ford Coppola, Producer; Gray Frederickson and Fred Roos, Co-Producers",102600000,13000000,200,8.5,5103,22.741,Drama,1974-12-20
1974,47,Best Picture,0,Lenny ,"Marvin Worth, Producer",0,0,111,7.4,70,3.816,Drama,1974-11-10
1974,47,Best Picture,0,The Towering Inferno ,"Irwin Allen, Producer",116000000,14000000,159,7.1,345,10.084,Action,1974-12-14
1975,48,Best Picture,0,Barry Lyndon ,"Stanley Kubrick, Producer",20000000,11000000,184,7.9,937,8.797,Drama,1975-11-26
1975,48,Best Picture,0,Dog Day Afternoon ,"Martin Bregman and Martin Elfand, Producers",46665856,1800000,125,7.8,1059,17.014,Crime,1975-08-11
1975,48,Best Picture,0,Jaws ,"Richard D. Zanuck and David Brown, Producers",470700000,7000000,124,7.6,4205,16.099,Horror,1975-06-18
1975,48,Best Picture,0,Nashville ,"Robert Altman, Producer",0,2200000,160,7.4,127,6.09,Drama,1975-06-11
1975,48,Best Picture,1,One Flew over the Cuckoo's Nest ,"Saul Zaentz and Michael Douglas, Producers",108981275,3000000,133,8.4,4746,26.952,Drama,1975-11-18
1976,49,Best Picture,0,All the President's Men ,"Walter Coblenz, Producer",70600000,8500000,138,7.7,645,17.277,Drama,1976-04-04
1976,49,Best Picture,0,Bound for Glory ,"Robert F. Blumofe and Harold Leventhal, Producers",0,0,147,7.3,24,3.313,Music,1976-12-05
1976,49,Best Picture,0,Network ,"Howard Gottfried, Producer",23689877,3800000,122,8.0,605,8.489,Drama,1976-11-01
1976,49,Best Picture,1,Rocky ,"Irwin Winkler and Robert Chartoff, Producers",117235147,1000000,119,7.6,3085,36.735,Drama,1976-11-21
1976,49,Best Picture,0,Taxi Driver ,"Michael Phillips and Julia Phillips, Producers",28262574,1300000,114,8.1,4388,17.536,Crime,1976-02-07
1977,50,Best Picture,1,Annie Hall ,"Charles H. Joffe, Producer",38251425,4000000,93,7.8,1681,9.569,Comedy,1977-04-19
1977,50,Best Picture,0,The Goodbye Girl ,"Ray Stark, Producer",102000000,0,111,7.1,51,3.864,Comedy,1977-11-30
1977,50,Best Picture,0,Julia ,"Richard Roth, Producer",0,0,117,6.9,43,4.765,Drama,1977-10-02
1977,50,Best Picture,0,Star Wars ,"Gary Kurtz, Producer",775398007,11000000,121,8.2,10145,34.726,Adventure,1977-05-25
1977,50,Best Picture,0,The Turning Point ,"Herbert Ross and Arthur Laurents, Producers",0,0,119,6.4,21,1.902,Drama,1977-11-14
1978,51,Best Picture,0,Coming Home ,"Jerome Hellman, Producer",0,3000000,127,7.2,62,4.275,Drama,1978-02-15
1978,51,Best Picture,1,The Deer Hunter ,"Barry Spikings, Michael Deeley, Michael Cimino and John Peverall, Producers",50000000,15000000,183,8.0,1497,11.896,Drama,1978-12-08
1978,51,Best Picture,0,Heaven Can Wait ,"Warren Beatty, Producer",0,0,101,6.5,133,5.95,Fantasy,1978-06-28
1978,51,Best Picture,0,Midnight Express ,"Alan Marshall and David Puttnam, Producers",35000000,2300000,121,7.7,529,9.67,Drama,1978-09-12
1978,51,Best Picture,0,An Unmarried Woman ,"Paul Mazursky and Tony Ray, Producers",24000000,2515000,124,6.7,21,1.335,Drama,1978-05-26
1979,52,Best Picture,0,All That Jazz ,"Robert Alan Aurthur, Producer",37823676,0,123,7.3,133,7.304,Drama,1979-12-20
1979,52,Best Picture,0,Apocalypse Now ,"Francis Coppola, Producer; Fred Roos, Gray Frederickson and Tom Sternberg, Co-Producers",89460381,31500000,147,8.2,3349,16.83,Drama,1979-08-15
1979,52,Best Picture,0,Breaking Away ,"Peter Yates, Producer",20000000,2300000,100,7.4,97,6.514,Drama,1979-05-24
1979,52,Best Picture,1,Kramer vs. Kramer ,"Stanley R. Jaffe, Producer",106260000,8000000,105,7.5,809,8.818,Drama,1979-12-18
1979,52,Best Picture,0,Norma Rae ,"Tamara Asseyev and Alex Rose, Producers",22228000,0,110,7.2,51,4.397,Drama,1979-03-02
1980,53,Best Picture,0,Coal Miner's Daughter ,"Bernard Schwartz, Producer",67182787,15000000,125,7.1,97,5.777,Drama,1980-03-07
1980,53,Best Picture,0,The Elephant Man ,"Jonathan Sanger, Producer",26010864,5000000,124,8.0,1238,10.216,Drama,1980-10-02
1980,53,Best Picture,1,Ordinary People ,"Ronald L. Schwary, Producer",0,6000000,124,7.5,209,7.461,Drama,1980-09-19
1980,53,Best Picture,0,Raging Bull ,"Irwin Winkler and Robert Chartoff, Producers",23000000,18000000,129,7.9,1561,10.936,Drama,1980-11-14
1980,53,Best Picture,0,Tess ,"Claude Berri, Producer; Timothy Burrill, Co-Producer",0,0,171,6.8,107,7.688,Drama,1979-10-06
1981,54,Best Picture,0,Atlantic City ,"Denis Heroux and John Kemeny, Producers",12729675,7200000,104,6.9,75,4.948,Crime,1980-09-02
1981,54,Best Picture,1,Chariots of Fire ,"David Puttnam, Producer",58972904,5500000,123,6.9,319,7.854,Drama,1981-05-15
1981,54,Best Picture,0,On Golden Pond ,"Bruce Gilbert, Producer",19255967,0,109,7.5,158,6.288,Drama,1981-12-04
1981,54,Best Picture,0,Raiders of the Lost Ark ,"Frank Marshall, Producer",389925971,18000000,115,7.8,5775,25.633,Adventure,1981-06-12
1981,54,Best Picture,0,Reds ,"Warren Beatty, Producer",40382659,32000000,195,7.2,110,5.905,Drama,1981-12-25
1982,55,Best Picture,0,E.T. The Extra-Terrestrial ,"Steven Spielberg and Kathleen Kennedy, Producers",792965326,10500000,115,7.4,5485,21.267,Science Fiction,1982-06-11
1982,55,Best Picture,1,Gandhi ,"Richard Attenborough, Producer",77737889,22000000,191,7.5,1042,14.773,Drama,1982-11-30
1982,55,Best Picture,0,Missing ,"Edward Lewis and Mildred Lewis, Producers",14000000,0,122,7.4,117,5.978,Drama,1982-02-12
1982,55,Best Picture,0,Tootsie ,"Sydney Pollack and Dick Richards, Producers",177200000,21000000,116,7.1,679,7.809,Comedy,1982-12-16
1982,55,Best Picture,0,The Verdict ,"Richard D. Zanuck and David Brown, Producers",53977250,16000000,129,7.5,198,8.319,Drama,1982-12-08
1983,56,Best Picture,0,The Big Chill ,"Michael Shamberg, Producer",0,0,105,7.1,199,6.558,Comedy,1983-09-09
1983,56,Best Picture,0,The Dresser ,"Peter Yates, Producer",0,0,118,6.6,20,1.286,Drama,1983-12-06
1983,56,Best Picture,0,The Right Stuff ,"Irwin Winkler and Robert Chartoff, Producers",21500000,27000000,193,7.5,338,8.486,Drama,1983-10-20
1983,56,Best Picture,0,Tender Mercies ,"Philip S. Hobel, Producer",0,0,92,6.7,32,2.99,Drama,1983-04-02
1983,56,Best Picture,1,Terms of Endearment ,"James L. Brooks, Producer",0,8000000,132,7.2,286,7.401,Comedy,1983-11-20
1984,57,Best Picture,1,Amadeus ,"Saul Zaentz, Producer",51973029,18000000,160,8.0,1772,13.039,Drama,1984-10-26
1984,57,Best Picture,0,The Killing Fields ,"David Puttnam, Producer",34700291,14400000,141,7.6,251,7.043,Drama,1984-11-02
1984,57,Best Picture,0,A Passage to India ,"John Brabourne and Richard Goodwin, Producers",27187653,8000000,163,6.9,105,6.766,Drama,1984-12-14
1984,57,Best Picture,0,Places in the Heart ,"Arlene Donovan, Producer",0,0,111,7.3,45,4.2,Drama,1984-09-11
1984,57,Best Picture,0,A Soldier's Story ,"Norman Jewison, Ronald L. Schwary and Patrick Palmer, Producers",21821347,6000000,101,6.7,68,4.111,Drama,1984-09-14
1985,58,Best Picture,0,The Color Purple ,"Steven Spielberg, Kathleen Kennedy, Frank Marshall and Quincy Jones, Producers",146292009,15000000,154,7.8,594,8.424,Drama,1985-12-18
1985,58,Best Picture,0,Kiss of the Spider Woman ,"David Weisman, Producer",0,0,120,7.1,78,4.903,Drama,1985-07-26
1985,58,Best Picture,1,Out of Africa ,"Sydney Pollack, Producer",128499205,31000000,161,7.2,489,7.63,History,1985-12-20
1985,58,Best Picture,0,Prizzi's Honor ,"John Foreman, Producer",26657534,0,124,6.5,126,7.239,Romance,1985-06-14
1985,58,Best Picture,0,Witness ,"Edward S. Feldman, Producer",68706993,12000000,113,7.0,609,7.515,Crime,1985-02-08
1986,59,Best Picture,0,Children of a Lesser God ,"Burt Sugarman and Patrick Palmer, Producers",31853080,0,119,7.0,107,6.905,Drama,1986-09-13
1986,59,Best Picture,0,Hannah and Her Sisters ,"Robert Greenhut, Producer",40084041,6400000,107,7.6,368,11.676,Comedy,1986-02-07
1986,59,Best Picture,0,The Mission ,"Fernando Ghia and David Puttnam, Producers",17218023,24500000,126,7.3,487,7.074,Adventure,1986-09-29
1986,59,Best Picture,1,Platoon ,"Arnold Kopelson, Producer",138530565,6000000,120,7.7,1839,13.081,Drama,1986-12-19
1986,59,Best Picture,0,A Room with a View ,"Ismail Merchant, Producer",20966644,3000000,117,7.1,279,7.391,Drama,1985-12-13
1987,60,Best Picture,0,Broadcast News ,"James L. Brooks, Producer",51249404,20000000,133,6.8,145,5.95,Comedy,1987-12-16
1987,60,Best Picture,0,Fatal Attraction ,"Stanley R. Jaffe and Sherry Lansing, Producers",320145693,14000000,119,6.7,518,11.56,Drama,1987-09-11
1987,60,Best Picture,0,Hope and Glory ,"John Boorman, Producer",0,0,113,6.7,64,2.995,Drama,1987-09-03
1987,60,Best Picture,1,The Last Emperor ,"Jeremy Thomas, Producer",43984230,23000000,163,7.5,544,10.381,Drama,1987-10-21
1987,60,Best Picture,0,Moonstruck ,"Patrick Palmer and Norman Jewison, Producers",80640528,0,102,6.8,295,9.935,Comedy,1987-12-18
1988,61,Best Picture,0,The Accidental Tourist ,"Lawrence Kasdan, Charles Okun and Michael Grillo, Producers",0,0,121,6.2,83,4.859,Drama,1988-12-23
1988,61,Best Picture,0,Dangerous Liaisons ,"Norma Heyman and Hank Moonjean, Producers",34670720,14000000,119,7.2,447,7.489,Drama,1988-12-16
1988,61,Best Picture,0,Mississippi Burning ,"Frederick Zollo and Robert F. Colesberry, Producers",34604000,15000000,128,7.6,557,8.551,Thriller,1988-12-08
1988,61,Best Picture,1,Rain Man ,"Mark Johnson, Producer",412800000,25000000,134,7.7,2723,15.23,Drama,1988-12-11
1988,61,Best Picture,0,Working Girl ,"Douglas Wick, Producer",103173635,28000000,114,6.5,373,8.749,Comedy,1988-12-20
1989,62,Best Picture,0,Born on the Fourth of July ,"A. Kitman Ho and Oliver Stone, Producers",161001698,14000000,145,6.9,634,10.838,Drama,1989-12-20
1989,62,Best Picture,0,Dead Poets Society ,"Steven Haft, Paul Junger Witt and Tony Thomas, Producers",235860116,16400000,128,8.3,4851,16.914,Drama,1989-06-02
1989,62,Best Picture,1,Driving Miss Daisy ,"Richard D. Zanuck and Lili Fini Zanuck, Producers",145793296,7500000,99,7.2,551,11.777,Comedy,1989-12-13
1989,62,Best Picture,0,Field of Dreams ,"Lawrence Gordon and Charles Gordon, Producers",84431625,0,107,7.1,589,11.847,Drama,1989-04-21
1989,62,Best Picture,0,My Left Foot ,"Noel Pearson, Producer",14743391,645180,103,7.7,323,8.926,Drama,1989-07-21
1990,63,Best Picture,0,Awakenings ,"Walter F. Parkes and Lawrence Lasker, Producers",52096475,0,120,7.7,933,15.392,Drama,1990-12-04
1990,63,Best Picture,1,Dances With Wolves ,"Jim Wilson and Kevin Costner, Producers",424208848,22000000,181,7.8,1678,16.2,Adventure,1990-11-09
1990,63,Best Picture,0,Ghost ,"Lisa Weinstein, Producer",505000000,22000000,127,7.0,2332,13.86,Fantasy,1990-07-12
1990,63,Best Picture,0,"The Godfather, Part III ","Francis Ford Coppola, Producer",136766062,54000000,162,7.3,2479,15.661,Crime,1990-12-24
1990,63,Best Picture,0,Good Fellas ,"Irwin Winkler, Producer",2500000,927262,107,8.2,643,11.853,Crime,1944-04-24
1991,64,Best Picture,0,Beauty and the Beast ,"Don Hahn, Producer",377350553,25000000,84,7.7,4924,21.628,Romance,1991-11-13
1991,64,Best Picture,0,Bugsy ,"Mark Johnson, Barry Levinson and Warren Beatty, Producers",49114016,30000000,134,6.3,122,6.425,Crime,1991-12-10
1991,64,Best Picture,0,JFK ,"A. Kitman Ho and Oliver Stone, Producers",205405498,40000000,189,7.7,773,8.839,Drama,1991-12-20
1991,64,Best Picture,0,The Prince of Tides ,"Barbra Streisand and Andrew Karsch, Producers",74787599,30000000,132,6.5,94,6.093,Drama,1991-12-25
1991,64,Best Picture,1,The Silence of the Lambs ,"Edward Saxon, Kenneth Utt and Ron Bozman, Producers",272742922,19000000,119,8.2,7237,3.942,Crime,1991-02-01
1992,65,Best Picture,0,The Crying Game ,"Stephen Woolley, Producer",62548947,3705538,112,6.9,276,7.564,Romance,1992-09-02
1992,65,Best Picture,0,A Few Good Men ,"David Brown, Rob Reiner and Andrew Scheinman, Producers",243240178,40000000,138,7.3,1383,10.863,Drama,1992-12-11
1992,65,Best Picture,0,Howards End ,"Ismail Merchant, Producer",26126837,0,140,7.2,176,8.043,Drama,1992-03-13
1992,65,Best Picture,0,Scent of a Woman ,"Martin Brest, Producer",134095253,31000000,157,7.5,1160,9.954,Drama,1992-12-23
1992,65,Best Picture,1,Unforgiven ,"Clint Eastwood, Producer",159157447,14000000,131,7.9,1689,16.236,Western,1992-08-07
1993,66,Best Picture,0,The Fugitive ,"Arnold Kopelson, Producer",368875760,44000000,131,7.3,1810,12.165,Adventure,1993-08-06
1993,66,Best Picture,0,In the Name of the Father ,"Jim Sheridan, Producer",65796862,13000000,133,7.9,627,10.367,Drama,1993-12-12
1993,66,Best Picture,0,The Piano ,"Jan Chapman, Producer",116700000,7000000,121,7.3,493,8.411,Drama,1993-05-19
1993,66,Best Picture,0,The Remains of the Day ,"Mike Nichols, John Calley and Ismail Merchant, Producers",23237911,11500000,134,7.6,383,6.128,Drama,1993-11-05
1993,66,Best Picture,1,Schindler's List ,"Steven Spielberg, Gerald R. Molen and Branko Lustig, Producers",321365567,22000000,195,8.5,6808,30.191,Drama,1993-12-15
1994,67,Best Picture,1,Forrest Gump ,"Wendy Finerman, Steve Tisch and Steve Starkey, Producers",677945399,55000000,142,8.4,12620,29.936,Comedy,1994-07-06
1994,67,Best Picture,0,Four Weddings and a Funeral ,"Duncan Kenworthy, Producer",254700832,6000000,117,6.7,1098,12.887,Comedy,1994-03-09
1994,67,Best Picture,0,Pulp Fiction ,"Lawrence Bender, Producer",213928762,8000000,154,8.4,13176,28.313,Thriller,1994-09-10
1994,67,Best Picture,0,Quiz Show ,"Robert Redford, Michael Jacobs, Julian Krainin and Michael Nozik, Producers",0,0,133,7.3,377,7.277,History,1994-08-25
1994,67,Best Picture,0,The Shawshank Redemption ,"Niki Marvin, Producer",28341469,25000000,142,8.6,11487,30.157,Drama,1994-09-23
1995,68,Best Picture,0,Apollo 13 ,"Brian Grazer, Producer",355237933,52000000,140,7.4,2430,19.403,Drama,1995-06-30
1995,68,Best Picture,0,Babe ,"George Miller, Doug Mitchell and Bill Miller, Producers",254134910,30000000,89,6.1,1273,11.437,Fantasy,1995-07-18
1995,68,Best Picture,1,Braveheart ,"Mel Gibson, Alan Ladd, Jr. and Bruce Davey, Producers",210000000,72000000,177,7.8,4849,19.06,Action,1995-05-24
1995,68,Best Picture,0,The Postman (Il Postino) ,"Mario Cecchi Gori, Vittorio Cecchi Gori and Gaetano Daniele, Producers",0,0,108,7.9,375,7.96,Comedy,1994-09-22
1995,68,Best Picture,0,Sense and Sensibility ,"Lindsay Doran, Producer",134582776,16000000,136,7.4,589,9.772,Drama,1995-12-13
1996,69,Best Picture,1,The English Patient ,"Saul Zaentz, Producer",231976425,27000000,162,7.1,876,19.982,Drama,1996-11-05
1996,69,Best Picture,0,Fargo ,"Ethan Coen, Producer",60611975,7000000,98,7.8,3302,12.407,Crime,1996-03-08
1996,69,Best Picture,0,Jerry Maguire ,"James L. Brooks, Laurence Mark, Richard Sakai and Cameron Crowe, Producers",273552592,50000000,139,6.8,1396,10.313,Comedy,1996-12-13
1996,69,Best Picture,0,Secrets & Lies ,"Simon Channing-Williams, Producer",13417292,4500000,142,7.5,204,6.641,Drama,1996-05-24
1996,69,Best Picture,0,Shine ,"Jane Scott, Producer",35892330,5500000,105,7.4,233,6.485,Drama,1996-08-15
1997,70,Best Picture,0,As Good as It Gets ,"James L. Brooks, Bridget Johnson and Kristi Zea, Producers",314178011,50000000,139,7.4,1474,13.432,Comedy,1997-12-19
1997,70,Best Picture,0,The Full Monty ,"Uberto Pasolini, Producer",257850122,3500000,91,6.9,655,9.346,Comedy,1997-08-13
1997,70,Best Picture,0,Good Will Hunting ,"Lawrence Bender, Producer",225933435,10000000,127,8.0,4788,16.039,Drama,1997-12-05
1997,70,Best Picture,0,L.A. Confidential ,"Arnon Milchan, Curtis Hanson and Michael Nathanson, Producers",126216940,35000000,138,7.8,2020,12.892,Crime,1997-09-19
1997,70,Best Picture,1,Titanic ,"James Cameron and Jon Landau, Producers",1845034188,200000000,194,7.7,12212,26.375,Drama,1997-11-18
1998,71,Best Picture,0,Elizabeth ,"Alison Owen, Eric Fellner and Tim Bevan, Producers",82150642,30000000,124,7.2,564,8.856,Drama,1998-09-13
1998,71,Best Picture,0,Life Is Beautiful ,"Elda Ferri and Gianluigi Braschi, Producers",229400000,20000000,116,8.4,6174,16.758,Comedy,1997-12-20
1998,71,Best Picture,0,Saving Private Ryan ,"Steven Spielberg, Ian Bryce, Mark Gordon and Gary Levinsohn, Producers",481840909,70000000,169,8.0,7323,22.764,Drama,1998-07-24
1998,71,Best Picture,1,Shakespeare in Love ,"David Parfitt, Donna Gigliotti, Harvey Weinstein, Edward Zwick and Marc Norman, Producers",289317794,25000000,122,6.9,1445,17.22,History,1998-12-11
1998,71,Best Picture,0,The Thin Red Line ,"Robert Michael Geisler, John Roberdeau and Grant Hill, Producers",98126565,52000000,170,7.3,1213,14.179,Drama,1998-12-25
1999,72,Best Picture,1,American Beauty ,"Bruce Cohen and Dan Jinks, Producers",356296601,15000000,122,8.0,5565,25.57,Drama,1999-09-15
1999,72,Best Picture,0,The Cider House Rules ,"Richard N. Gladstein, Producer",88545092,24000000,126,7.0,464,7.635,Drama,1999-12-17
1999,72,Best Picture,0,The Green Mile ,"David Valdes and Frank Darabont, Producers",284600000,60000000,189,8.4,6914,23.356,Fantasy,1999-12-10
1999,72,Best Picture,0,The Insider ,"Michael Mann and Pieter Jan Brugge, Producers",60289912,90000000,157,7.4,726,15.512,Drama,1999-10-28
1999,72,Best Picture,0,The Sixth Sense ,"Frank Marshall, Kathleen Kennedy and Barry Mendel, Producers",672806292,40000000,107,7.8,5162,13.968,Mystery,1999-08-06
2000,73,Best Picture,0,Chocolat ,"David Brown, Kit Golden and Leslie Holleran, Producers",152500343,25000000,121,6.9,1577,11.299,Comedy,2000-12-14
2000,73,Best Picture,0,"Crouching Tiger, Hidden Dragon ","Bill Kong, Hsu Li Kong and Ang Lee, Producers",213525736,17000000,120,7.3,1394,14.352,Adventure,2000-07-06
2000,73,Best Picture,0,Erin Brockovich ,"Danny DeVito, Michael Shamberg and Stacey Sher, Producers",256271286,52000000,131,7.2,1250,13.213,Drama,2000-03-17
2000,73,Best Picture,1,Gladiator ,"Douglas Wick, David Franzoni and Branko Lustig, Producers",457640427,103000000,155,8.1,8400,18.719,Action,2000-05-01
2000,73,Best Picture,0,Traffic ,"Edward Zwick, Marshall Herskovitz and Laura Bickford, Producers",207515725,48000000,147,7.0,869,17.675,Thriller,2000-12-27
2001,74,Best Picture,1,A Beautiful Mind ,"Brian Grazer and Ron Howard, Producers",313542341,60000000,135,7.8,4734,18.363,Drama,2001-12-11
2001,74,Best Picture,0,Gosford Park ,"Robert Altman, Bob Balaban and David Levy, Producers",87754044,19800000,137,7.0,394,7.727,Drama,2001-11-07
2001,74,Best Picture,0,In the Bedroom ,"Graham Leader, Ross Katz and Todd Field, Producers",0,1700000,130,6.8,133,5.448,Drama,2001-11-23
2001,74,Best Picture,0,The Lord of the Rings: The Fellowship of the Ring ,"Peter Jackson, Fran Walsh and Barrie M. Osborne, Producers",871368364,93000000,178,8.2,12737,39.207,Adventure,2001-12-18
2001,74,Best Picture,0,Moulin Rouge ,"Martin Brown, Baz Luhrmann and Fred Baron, Producers",0,1500000,119,6.7,28,1.858,Drama,1952-12-23
2002,75,Best Picture,1,Chicago ,"Martin Richards, Producer",306776732,45000000,113,7.1,1117,12.432,Comedy,2002-12-26
2002,75,Best Picture,0,Gangs of New York ,"Alberto Grimaldi and Harvey Weinstein, Producers",193772504,100000000,167,7.2,3001,13.943,Drama,2002-12-14
2002,75,Best Picture,0,The Hours ,"Scott Rudin and Robert Fox, Producers",41597830,25000000,114,7.3,737,7.42,Drama,2002-12-27
2002,75,Best Picture,0,The Lord of the Rings: The Two Towers ,"Barrie M. Osborne, Fran Walsh and Peter Jackson, Producers",926287400,79000000,179,8.2,10995,45.552,Adventure,2002-12-18
2002,75,Best Picture,0,The Pianist ,"Roman Polanski, Robert Benmussa and Alain Sarde, Producers",120072577,35000000,150,8.2,3233,13.812,Drama,2002-09-24
2003,76,Best Picture,1,The Lord of the Rings: The Return of the King ,"Barrie M. Osborne, Peter Jackson and Fran Walsh, Producers",1118888979,94000000,201,8.4,11607,33.823,Adventure,2003-12-01
2003,76,Best Picture,0,Lost in Translation ,"Ross Katz and Sofia Coppola, Producers",119723856,4000000,102,7.4,2920,13.957,Drama,2003-08-31
2003,76,Best Picture,0,Master and Commander: The Far Side of the World ,"Samuel Goldwyn, Jr., Peter Weir and Duncan Henderson, Producers",212011111,150000000,138,7.1,1275,29.105,Adventure,2003-11-14
2003,76,Best Picture,0,Mystic River ,"Robert Lorenz, Judie G. Hoyt and Clint Eastwood, Producers",156822020,25000000,138,7.7,2502,11.124,Thriller,2003-10-07
2003,76,Best Picture,0,Seabiscuit ,"Kathleen Kennedy, Frank Marshall and Gary Ross, Producers",148336445,87000000,141,6.9,351,6.509,Drama,2003-07-22
2004,77,Best Picture,0,The Aviator ,"Michael Mann and Graham King, Producers",102000000,116000000,170,7.1,2326,12.216,Drama,2004-12-17
2004,77,Best Picture,0,Finding Neverland ,"Richard N. Gladstein and Nellie Bellflower, Producers",116766556,25000000,106,7.3,2003,14.346,Drama,2004-10-17
2004,77,Best Picture,1,Million Dollar Baby ,"Clint Eastwood, Albert S. Ruddy and Tom Rosenberg, Producers",216763646,30000000,132,7.9,4121,15.944,Drama,2004-12-15
2004,77,Best Picture,0,Ray ,"Taylor Hackford, Stuart Benjamin and Howard Baldwin, Producers",124731534,40000000,152,7.3,733,11.438,Drama,2004-10-29
2004,77,Best Picture,0,Sideways ,"Michael London, Producer",109502303,16000000,127,7.1,703,8.645,Comedy,2004-10-22
2005,78,Best Picture,0,Brokeback Mountain ,"Diana Ossana and James Schamus, Producers",178043761,14000000,134,7.7,2749,13.88,Drama,2005-09-10
2005,78,Best Picture,0,Capote ,"Caroline Baron, William Vince and Michael Ohoven, Producers",49084830,7000000,114,7.0,606,6.428,Crime,2005-09-30
2005,78,Best Picture,1,Crash ,"Paul Haggis and Cathy Schulman, Producers",98410061,6500000,112,7.3,1682,15.352,Drama,2005-05-06
2005,78,Best Picture,0,"Good Night, and Good Luck. ","Grant Heslov, Producer",54600000,7000000,93,7.1,393,6.333,Drama,2005-09-16
2005,78,Best Picture,0,Munich ,"Kathleen Kennedy, Steven Spielberg and Barry Mendel, Producers",130358911,70000000,164,7.1,1081,11.591,Drama,2005-12-23
2006,79,Best Picture,0,Babel ,"Alejandro González Iñárritu, Jon Kilik and Steve Golin, Producers",135330182,25000000,143,7.0,1628,12.632,Drama,2006-09-08
2006,79,Best Picture,1,The Departed ,"Graham King, Producer",289847354,90000000,151,8.1,6768,22.673,Drama,2006-10-05
2006,79,Best Picture,0,Letters from Iwo Jima ,"Clint Eastwood, Steven Spielberg and Robert Lorenz, Producers",68673228,19000000,141,7.4,845,15.302,Action,2006-12-19
2006,79,Best Picture,0,Little Miss Sunshine ,"David T. Friendly, Peter Saraf and Marc Turtletaub, Producers",100523181,8000000,102,7.6,2941,9.489,Comedy,2006-07-26
2006,79,Best Picture,0,The Queen ,"Andy Harries, Christine Langan and Tracey Seaward, Producers",123384128,15000000,103,7.0,544,7.689,Drama,2006-09-15
2007,80,Best Picture,0,Atonement ,"Tim Bevan, Eric Fellner and Paul Webster, Producers",129266061,30000000,123,7.6,1722,10.516,Drama,2007-08-29
2007,80,Best Picture,0,Juno ,"Lianne Halfon, Mason Novick and Russell Smith, Producers",231411584,7500000,96,7.0,3598,13.332,Comedy,2007-12-05
2007,80,Best Picture,0,Michael Clayton ,"Sydney Pollack, Jennifer Fox and Kerry Orent, Producers",92991835,25000000,119,6.7,732,11.654,Drama,2007-09-28
2007,80,Best Picture,1,No Country for Old Men ,"Scott Rudin, Ethan Coen and Joel Coen, Producers",171627166,25000000,122,7.9,4952,21.572,Crime,2007-11-08
2007,80,Best Picture,0,There Will Be Blood ,"JoAnne Sellar, Paul Thomas Anderson and Daniel Lupi, Producers",77208711,25000000,158,8.0,2470,14.186,Drama,2007-12-28
2008,81,Best Picture,0,The Curious Case of Benjamin Button ,"Kathleen Kennedy, Frank Marshall and Ceán Chaffin, Producers",333932083,150000000,166,7.4,5534,17.426,Fantasy,2008-12-25
2008,81,Best Picture,0,Frost/Nixon ,"Brian Grazer, Ron Howard and Eric Fellner, Producers",18593156,25000000,122,7.4,510,8.239,Drama,2008-10-15
2008,81,Best Picture,0,Milk ,"Dan Jinks and Bruce Cohen, Producers",54586584,20000000,128,7.3,984,14.454,History,2008-11-26
2008,81,Best Picture,0,The Reader ,"Anthony Minghella, Sydney Pollack, Donna Gigliotti and Redmond Morris, Producers",113019290,32000000,124,7.3,1324,11.588,Drama,2008-12-10
2008,81,Best Picture,1,Slumdog Millionaire ,"Christian Colson, Producer",377910544,15000000,120,7.7,4803,13.115,Drama,2008-05-12
2009,82,Best Picture,0,Avatar ,"James Cameron and Jon Landau, Producers",2787965087,237000000,162,7.4,16716,33.738,Action,2009-12-10
2009,82,Best Picture,0,The Blind Side ,"Gil Netter, Andrew A. Kosove and Broderick Johnson, Producers",309208309,29000000,129,7.4,2396,11.236,Drama,2009-11-20
2009,82,Best Picture,0,District 9 ,"Peter Jackson and Carolynne Cunningham, Producers",210819611,30000000,112,7.3,4850,15.384,Science Fiction,2009-08-05
2009,82,Best Picture,0,An Education ,"Finola Dwyer and Amanda Posey, Producers",26096852,7500000,100,7.0,632,14.13,Drama,2009-10-29
2009,82,Best Picture,1,The Hurt Locker ,"Kathryn Bigelow, Mark Boal, Nicolas Chartier and Greg Shapiro, Producers",42000000,15000000,131,7.2,2694,15.7,Drama,2008-10-10
2009,82,Best Picture,0,Inglourious Basterds ,"Lawrence Bender, Producer",319131050,70000000,153,8.1,10222,23.525,Drama,2009-08-18
2009,82,Best Picture,0,Precious: Based on the Novel 'Push' by Sapphire ,"Lee Daniels, Sarah Siegel-Magness and Gary Magness, Producers",47536959,10000000,110,7.1,664,6.896,Drama,2009-11-06
2009,82,Best Picture,0,A Serious Man ,"Joel Coen and Ethan Coen, Producers",31430334,7000000,105,6.7,818,9.32,Comedy,2009-10-02
2009,82,Best Picture,0,Up ,"Jonas Rivera, Producer",735099082,175000000,96,7.9,10769,26.798,Animation,2009-05-28
2009,82,Best Picture,0,Up in the Air ,"Daniel Dubiecki, Ivan Reitman and Jason Reitman, Producers",163670000,25000000,110,6.8,1815,12.695,Drama,2009-09-05
2010,83,Best Picture,0,Black Swan ,"Mike Medavoy, Brian Oliver and Scott Franklin, Producers",327803731,13000000,108,7.5,7292,17.403,Drama,2010-12-03
2010,83,Best Picture,0,The Fighter ,"David Hoberman, Todd Lieberman and Mark Wahlberg, Producers",93617009,25000000,116,7.3,2065,11.394,Drama,2010-12-17
2010,83,Best Picture,0,Inception ,"Emma Thomas and Christopher Nolan, Producers",825532764,160000000,148,8.2,19661,35.172,Action,2010-07-15
2010,83,Best Picture,0,The Kids Are All Right ,"Gary Gilbert, Jeffrey Levy-Hinte and Celine Rattray, Producers",34705850,3500000,106,6.6,756,7.824,Comedy,2010-07-09
2010,83,Best Picture,1,The King's Speech ,"Iain Canning, Emile Sherman and Gareth Unwin, Producers",414211549,15000000,118,7.7,4321,12.615,Drama,2010-09-06
2010,83,Best Picture,0,127 Hours ,"Christian Colson, Danny Boyle and John Smithson, Producers",35692920,18000000,94,7.0,3876,10.83,Adventure,2010-11-05
2010,83,Best Picture,0,The Social Network ,"Scott Rudin, Dana Brunetti, Michael De Luca and Ceán Chaffin, Producers",224920315,40000000,121,7.2,5237,17.273,Drama,2010-10-01
2010,83,Best Picture,0,Toy Story 3 ,"Darla K. Anderson, Producer",1066969703,200000000,103,7.7,7220,18.353,Animation,2010-06-16
2010,83,Best Picture,0,True Grit ,"Scott Rudin, Ethan Coen and Joel Coen, Producers",252276927,38000000,110,7.2,2438,13.034,Drama,2010-12-22
2010,83,Best Picture,0,Winter's Bone ,"Anne Rosellini and Alix Madigan-Yorkin, Producers",13831503,2000000,101,6.9,825,9.68,Drama,2010-06-11
2011,84,Best Picture,1,The Artist ,"Thomas Langmann, Producer",133432856,15000000,100,7.4,1565,6.431,Drama,2011-06-26
2011,84,Best Picture,0,The Descendants ,"Jim Burke, Alexander Payne and Jim Taylor, Producers",177243185,20000000,115,6.8,1348,11.279,Comedy,2011-09-09
2011,84,Best Picture,0,Extremely Loud & Incredibly Close ,"Scott Rudin, Producer",55247881,40000000,129,7.0,1092,8.101,Drama,2011-12-24
2011,84,Best Picture,0,The Help ,"Brunson Green, Chris Columbus and Michael Barnathan, Producers",124272124,25000000,146,8.1,3311,12.081,Drama,2011-08-09
2011,84,Best Picture,0,Hugo ,"Graham King and Martin Scorsese, Producers",185770160,170000000,126,7.1,3492,11.906,Adventure,2011-11-22
2011,84,Best Picture,0,Midnight in Paris ,"Letty Aronson and Stephen Tenenbaum, Producers",151119219,30000000,94,7.5,3352,11.644,Fantasy,2011-05-11
2011,84,Best Picture,0,Moneyball ,"Michael De Luca, Rachael Horovitz and Brad Pitt, Producers",110206216,50000000,134,7.1,1995,14.0,Drama,2011-09-22
2011,84,Best Picture,0,The Tree of Life ,"Sarah Green, Bill Pohlad, Dede Gardner and Grant Hill, Producers",54674226,32000000,139,6.6,1512,14.141,Drama,2011-05-18
2011,84,Best Picture,0,War Horse ,"Steven Spielberg and Kathleen Kennedy, Producers",177584879,66000000,146,7.2,1591,12.439,Drama,2011-12-25
2012,85,Best Picture,0,Amour ,"Margaret Menegoz, Stefan Arndt, Veit Heiduschka and Michael Katz, Producers",29844753,8900000,127,7.7,635,8.368,Drama,2012-07-01
2012,85,Best Picture,1,Argo ,"Grant Heslov, Ben Affleck and George Clooney, Producers",232324128,44500000,120,7.2,4621,13.35,Drama,2012-10-11
2012,85,Best Picture,0,Beasts of the Southern Wild ,"Dan Janvey, Josh Penn and Michael Gottwald, Producers",21107746,1800000,93,6.9,556,6.877,Drama,2012-06-29
2012,85,Best Picture,0,Django Unchained ,"Stacey Sher, Reginald Hudlin and Pilar Savone, Producers",425368238,100000000,165,8.0,13931,21.311,Drama,2012-12-25
2012,85,Best Picture,0,Les Misérables ,"Tim Bevan, Eric Fellner, Debra Hayward and Cameron Mackintosh, Producers",441809770,61000000,157,7.3,2847,14.299,History,2012-12-18
2012,85,Best Picture,0,Life of Pi ,"Gil Netter, Ang Lee and David Womark, Producers",609016565,120000000,127,7.3,7894,16.349,Adventure,2012-11-20
2012,85,Best Picture,0,Lincoln ,"Steven Spielberg and Kathleen Kennedy, Producers",275293450,65000000,149,6.8,2004,13.719,History,2012-11-09
2012,85,Best Picture,0,Silver Linings Playbook ,"Donna Gigliotti, Bruce Cohen and Jonathan Gordon, Producers",236412453,21000000,122,7.0,6765,13.231,Drama,2012-09-08
2012,85,Best Picture,0,Zero Dark Thirty ,"Mark Boal, Kathryn Bigelow and Megan Ellison, Producers",132820716,40000000,157,6.9,2298,11.084,Thriller,2012-12-19
2013,86,Best Picture,0,American Hustle ,"Charles Roven, Richard Suckle, Megan Ellison and Jonathan Gordon, Producers",251171807,40000000,138,6.8,3969,9.527,Drama,2013-12-12
2013,86,Best Picture,0,Captain Phillips ,"Scott Rudin, Dana Brunetti and Michael De Luca, Producers",95000000,55000000,134,7.6,3469,10.964,Action,2013-10-10
2013,86,Best Picture,0,Dallas Buyers Club ,"Robbie Brenner and Rachel Winter, Producers",55198285,5000000,117,7.9,4312,12.823,Drama,2013-11-17
2013,86,Best Picture,0,Gravity ,"Alfonso Cuarón and David Heyman, Producers",716392705,105000000,91,7.2,8383,21.297,Science Fiction,2013-10-03
2013,86,Best Picture,0,Her ,"Megan Ellison, Spike Jonze and Vincent Landay, Producers",47351251,23000000,126,7.9,6534,16.093,Romance,2013-12-18
2013,86,Best Picture,0,Nebraska ,"Albert Berger and Ron Yerxa, Producers",17654912,12000000,115,7.4,862,7.329,Drama,2013-09-21
2013,86,Best Picture,0,Philomena ,"Gabrielle Tana, Steve Coogan and Tracey Seaward, Producers",100129872,12000000,98,7.4,832,7.691,Drama,2013-11-01
2013,86,Best Picture,1,12 Years a Slave ,"Brad Pitt, Dede Gardner, Jeremy Kleiner, Steve McQueen and Anthony Katagas, Producers",187000000,20000000,134,7.9,5711,17.342,Drama,2013-10-18
2013,86,Best Picture,0,The Wolf of Wall Street ,"Martin Scorsese, Leonardo DiCaprio, Joey McFarland and Emma Tillinger Koskoff, Producers",392000694,100000000,180,7.9,10551,23.136,Crime,2013-12-25
2014,87,Best Picture,0,American Sniper ,"Clint Eastwood, Robert Lorenz, Andrew Lazar, Bradley Cooper and Peter Morgan, Producers",542307423,58800000,133,7.4,6649,12.623,War,2014-12-11
2014,87,Best Picture,1,Birdman or (The Unexpected Virtue of Ignorance) ,"Alejandro G. Iñárritu, John Lesher and James W. Skotchdopole, Producers",103215094,18000000,120,7.4,6651,24.016,Drama,2014-08-27
2014,87,Best Picture,0,Boyhood ,"Richard Linklater and Cathleen Sutherland, Producers",44349000,4000000,164,7.5,2754,13.919,Drama,2014-06-05
2014,87,Best Picture,0,The Grand Budapest Hotel ,"Wes Anderson, Scott Rudin, Steven Rales and Jeremy Dawson, Producers",174600318,30000000,99,8.0,6966,19.421,Comedy,2014-02-26
2014,87,Best Picture,0,The Imitation Game ,"Nora Grossman, Ido Ostrowsky and Teddy Schwarzman, Producers",233555708,14000000,113,8.1,9107,34.808,History,2014-11-14
2014,87,Best Picture,0,Selma ,"Christian Colson, Oprah Winfrey, Dede Gardner and Jeremy Kleiner, Producers",66787908,20000000,127,7.5,1178,6.968,History,2014-12-25
2014,87,Best Picture,0,The Theory of Everything ,"Tim Bevan, Eric Fellner, Lisa Bruce and Anthony McCarten, Producers",123726688,15000000,123,7.9,5477,26.253,Drama,2014-11-26
2014,87,Best Picture,0,Whiplash ,"Jason Blum, Helen Estabrook and David Lancaster, Producers",13092000,3300000,107,8.4,6801,26.129,Drama,2014-10-10
2015,88,Best Picture,0,The Big Short,"Brad Pitt, Dede Gardner and Jeremy Kleiner, Producers",133346506,28000000,131,7.3,3929,13.861,Comedy,2015-12-11
2015,88,Best Picture,0,Bridge of Spies,"Steven Spielberg, Marc Platt and Kristie Macosko Krieger, Producers",165478348,40000000,141,7.2,3808,17.769,Thriller,2015-10-15
2015,88,Best Picture,0,Brooklyn,"Finola Dwyer and Amanda Posey, Producers",62076141,11000000,111,7.3,1704,11.003,Drama,2015-10-20
2015,88,Best Picture,0,Mad Max: Fury Road,"Doug Mitchell and George Miller, Producers",378858340,150000000,121,7.4,12985,21.963,Action,2015-05-13
2015,88,Best Picture,0,The Martian,"Simon Kinberg, Ridley Scott, Michael Schaefer and Mark Huffam, Producers",630161890,108000000,141,7.7,10715,27.062,Drama,2015-09-30
2015,88,Best Picture,0,The Revenant,"Arnon Milchan, Steve Golin, Alejandro G. Iñárritu, Mary Parent and Keith Redmon, Producers",532950503,135000000,156,7.4,9564,18.22,Western,2015-12-25
2015,88,Best Picture,0,Room,"Ed Guiney, Producer",35401758,6000000,117,8.1,4580,13.819,Drama,2015-10-16
2015,88,Best Picture,1,Spotlight,"Michael Sugar, Steve Golin, Nicole Rocklin and Blye Pagon Faust, Producers",88346473,20000000,129,7.8,4195,14.796,Drama,2015-11-06
