Year,Ceremony,Award,Winner,Title,Company,Revenue,Budget,Runtime,Vote Average,Vote Count,Popularity,Genre,Release Date,Movie ID
1944,17,Best Motion Picture,0,Double Indemnity,Paramount,2500000,927262,107,8.2,644,5.554,"[{'id': 80, 'name': 'Crime'}, {'id': 18, 'name': 'Drama'}, {'id': 9648, 'name': 'Mystery'}, {'id': 53, 'name': 'Thriller'}]",1944-04-24,996
1944,17,Best Motion Picture,0,Gaslight,Metro-Goldwyn-Mayer,0,2068000,114,7.4,118,5.506,"[{'id': 18, 'name': 'Drama'}, {'id': 9648, 'name': 'Mystery'}, {'id': 53, 'name': 'Thriller'}, {'id': 80, 'name': 'Crime'}]",1944-05-04,13528
1944,17,Best Motion Picture,1,Going My Way,Paramount,16300000,0,130,7.1,51,2.555,"[{'id': 18, 'name': 'Drama'}, {'id': 35, 'name': 'Comedy'}, {'id': 10402, 'name': 'Music'}]",1944-05-15,17661
1944,17,Best Motion Picture,0,Since You Went Away,Vanguard Films,0,0,172,6.3,10,1.059,"[{'id': 18, 'name': 'Drama'}, {'id': 10749, 'name': 'Romance'}, {'id': 10752, 'name': 'War'}]",1944-07-20,42401
1944,17,Best Motion Picture,0,Wilson,20th Century Fox,2000000,2995000,154,5.5,6,0.6,"[{'id': 10749, 'name': 'Romance'}, {'id': 18, 'name': 'Drama'}, {'id': 36, 'name': 'History'}, {'id': 10402, 'name': 'Music'}]",1944-08-01,84084
1945,18,Best Motion Picture,0,Anchors Aweigh,Metro-Goldwyn-Mayer,0,0,143,7.0,66,5.08,"[{'id': 35, 'name': 'Comedy'}, {'id': 14, 'name': 'Fantasy'}, {'id': 10402, 'name': 'Music'}, {'id': 10749, 'name': 'Romance'}]",1945-07-14,17889
1945,18,Best Motion Picture,0,The Bells of St. Mary's,Republic Pictures,21300000,0,126,7.4,53,2.492,"[{'id': 18, 'name': 'Drama'}, {'id': 10751, 'name': 'Family'}]",1945-12-27,32430
1945,18,Best Motion Picture,1,The Lost Weekend,Paramount,11000000,1250000,101,7.6,185,4.578,"[{'id': 18, 'name': 'Drama'}]",1945-11-29,28580
1945,18,Best Motion Picture,0,Mildred Pierce,Warner Bros. Pictures,5638000,1453000,111,7.7,127,4.745,"[{'id': 80, 'name': 'Crime'}, {'id': 18, 'name': 'Drama'}]",1945-10-20,3309
1945,18,Best Motion Picture,0,Spellbound,Selznick International Pictures,7000000,1500000,111,7.4,280,4.921,"[{'id': 18, 'name': 'Drama'}, {'id': 9648, 'name': 'Mystery'}, {'id': 53, 'name': 'Thriller'}]",1945-12-28,4174
1946,19,Best Motion Picture,1,The Best Years of Our Lives,Samuel Goldwyn Productions,23650000,2100000,172,7.8,207,5.491,"[{'id': 18, 'name': 'Drama'}, {'id': 36, 'name': 'History'}, {'id': 10749, 'name': 'Romance'}]",1946-12-25,887
1946,19,Best Motion Picture,0,The Chronicle History of King Henry the Fifth with His Battell Fought at Agincourt in France,Two Cities Films,0,0,137,6.8,39,1.727,"[{'id': 18, 'name': 'Drama'}, {'id': 28, 'name': 'Action'}, {'id': 36, 'name': 'History'}]",1944-11-24,22638
1946,19,Best Motion Picture,0,It's a Wonderful Life,RKO Radio Pictures,9644124,3180000,130,8.2,1699,26.107,"[{'id': 18, 'name': 'Drama'}, {'id': 10751, 'name': 'Family'}, {'id': 14, 'name': 'Fantasy'}]",1946-12-20,1585
1946,19,Best Motion Picture,0,The Razor's Edge,20th Century Fox,0,0,145,6.8,32,2.86,"[{'id': 18, 'name': 'Drama'}, {'id': 10749, 'name': 'Romance'}]",1946-11-19,56135
1946,19,Best Motion Picture,0,The Yearling,Metro-Goldwyn-Mayer,0,0,128,6.5,36,2.516,"[{'id': 18, 'name': 'Drama'}, {'id': 10751, 'name': 'Family'}]",1946-12-18,19049
1947,20,Best Motion Picture,0,The Bishop's Wife,Samuel Goldwyn Productions,0,0,109,7.2,68,2.501,"[{'id': 35, 'name': 'Comedy'}, {'id': 18, 'name': 'Drama'}, {'id': 14, 'name': 'Fantasy'}, {'id': 10749, 'name': 'Romance'}]",1947-12-09,19490
1947,20,Best Motion Picture,0,Crossfire,RKO Radio Pictures,1300000,250000,86,6.6,36,1.901,"[{'id': 80, 'name': 'Crime'}, {'id': 18, 'name': 'Drama'}, {'id': 9648, 'name': 'Mystery'}, {'id': 53, 'name': 'Thriller'}]",1947-08-15,28120
1947,20,Best Motion Picture,1,Gentleman's Agreement,20th Century Fox,7800000,2000000,118,7.3,72,3.433,"[{'id': 18, 'name': 'Drama'}, {'id': 10749, 'name': 'Romance'}]",1947-11-11,33667
1947,20,Best Motion Picture,0,Great Expectations,Cineguild,0,0,118,7.1,108,5.971,"[{'id': 18, 'name': 'Drama'}, {'id': 10749, 'name': 'Romance'}]",1946-12-26,14320
1947,20,Best Motion Picture,0,Miracle on 34th Street,20th Century Fox,0,0,96,7.5,221,12.38,"[{'id': 35, 'name': 'Comedy'}, {'id': 18, 'name': 'Drama'}, {'id': 10751, 'name': 'Family'}]",1947-10-01,11881
1948,21,Best Motion Picture,1,Hamlet,Two Cities Films,0,750000,155,7.6,76,3.586,"[{'id': 18, 'name': 'Drama'}]",1948-03-25,23383
1948,21,Best Motion Picture,0,Johnny Belinda,Warner Bros. Pictures,0,0,102,6.9,29,2.264,"[{'id': 18, 'name': 'Drama'}]",1948-09-14,62000
1948,21,Best Motion Picture,0,The Red Shoes,Independent Producers,0,500000,133,8.1,200,6.14,"[{'id': 18, 'name': 'Drama'}, {'id': 10749, 'name': 'Romance'}]",1948-07-20,19542
1948,21,Best Motion Picture,0,The Snake Pit,20th Century Fox,0,0,108,7.2,34,1.548,"[{'id': 18, 'name': 'Drama'}]",1948-11-04,62694
1948,21,Best Motion Picture,0,The Treasure of the Sierra Madre,Warner Bros. Pictures,4307000,3800000,126,8.1,424,6.379,"[{'id': 28, 'name': 'Action'}, {'id': 12, 'name': 'Adventure'}, {'id': 18, 'name': 'Drama'}, {'id': 37, 'name': 'Western'}]",1948-01-24,3090
1949,22,Best Motion Picture,1,All the King's Men,Columbia Pictures,0,0,109,7.1,65,3.935,"[{'id': 18, 'name': 'Drama'}]",1949-11-08,25430
1949,22,Best Motion Picture,0,Battleground,Loew's,0,0,118,6.8,34,2.733,"[{'id': 28, 'name': 'Action'}, {'id': 12, 'name': 'Adventure'}, {'id': 18, 'name': 'Drama'}, {'id': 10752, 'name': 'War'}]",1949-11-09,31623
1949,22,Best Motion Picture,0,The Heiress,Paramount,0,2600000,115,7.7,60,3.613,"[{'id': 18, 'name': 'Drama'}, {'id': 10749, 'name': 'Romance'}]",1949-10-06,28571
1949,22,Best Motion Picture,0,A Letter to Three Wives,20th Century Fox,0,0,103,7.2,43,2.665,"[{'id': 18, 'name': 'Drama'}, {'id': 10749, 'name': 'Romance'}]",1949-01-20,45578
1949,22,Best Motion Picture,0,Twelve O'Clock High,20th Century Fox,3225000,0,132,7.1,49,3.175,"[{'id': 10752, 'name': 'War'}, {'id': 28, 'name': 'Action'}, {'id': 18, 'name': 'Drama'}]",1949-12-21,15497
1950,23,Best Motion Picture,1,All About Eve,20th Century Fox,63463,1400000,139,8.2,577,7.623,"[{'id': 18, 'name': 'Drama'}]",1950-11-09,705
1950,23,Best Motion Picture,0,Born Yesterday,Columbia Pictures,0,0,103,7.0,49,2.863,"[{'id': 35, 'name': 'Comedy'}, {'id': 10749, 'name': 'Romance'}, {'id': 18, 'name': 'Drama'}]",1950-12-25,24481
1950,23,Best Motion Picture,0,Father of the Bride,Metro-Goldwyn-Mayer,0,0,92,7.0,68,3.544,"[{'id': 35, 'name': 'Comedy'}, {'id': 18, 'name': 'Drama'}, {'id': 10751, 'name': 'Family'}, {'id': 10749, 'name': 'Romance'}]",1950-06-16,20758
1950,23,Best Motion Picture,0,King Solomon's Mines,Metro-Goldwyn-Mayer,0,0,103,6.3,34,2.043,"[{'id': 28, 'name': 'Action'}, {'id': 12, 'name': 'Adventure'}, {'id': 10749, 'name': 'Romance'}]",1950-11-09,43388
1950,23,Best Motion Picture,0,Sunset Boulevard,Paramount,5000000,1752000,110,8.3,887,8.062,"[{'id': 18, 'name': 'Drama'}]",1950-08-10,599
1951,24,Best Motion Picture,1,An American in Paris,Loew's,4500000,2723903,113,7.0,211,4.741,"[{'id': 18, 'name': 'Drama'}, {'id': 35, 'name': 'Comedy'}, {'id': 10402, 'name': 'Music'}, {'id': 10749, 'name': 'Romance'}]",1951-08-08,2769
1951,24,Best Motion Picture,0,Decision Before Dawn,Bavaria Film,0,0,119,7.0,15,1.326,"[{'id': 10752, 'name': 'War'}, {'id': 28, 'name': 'Action'}, {'id': 53, 'name': 'Thriller'}]",1951-12-21,4461
1951,24,Best Motion Picture,0,A Place in the Sun,Paramount,0,0,122,7.4,129,4.737,"[{'id': 18, 'name': 'Drama'}, {'id': 10749, 'name': 'Romance'}]",1951-06-12,25673
1951,24,Best Motion Picture,0,Quo Vadis,Metro-Goldwyn-Mayer,30000000,8250000,171,7.1,120,4.767,"[{'id': 18, 'name': 'Drama'}, {'id': 36, 'name': 'History'}, {'id': 10749, 'name': 'Romance'}]",1951-11-08,11620
1951,24,Best Motion Picture,0,A Streetcar Named Desire,Charles K. Feldman Group,8000000,1800000,125,7.8,476,7.592,"[{'id': 18, 'name': 'Drama'}]",1951-09-18,702
1952,25,Best Motion Picture,1,The Greatest Show on Earth,Paramount,36000000,4000000,152,6.4,76,4.12,"[{'id': 28, 'name': 'Action'}, {'id': 18, 'name': 'Drama'}, {'id': 10749, 'name': 'Romance'}, {'id': 35, 'name': 'Comedy'}]",1952-01-10,27191
1952,25,Best Motion Picture,0,High Noon,Stanley Kramer Productions,8000000,730000,85,7.7,520,6.91,"[{'id': 37, 'name': 'Western'}]",1952-03-27,288
1952,25,Best Motion Picture,0,Ivanhoe,Metro-Goldwyn-Mayer,0,0,106,7.0,63,3.9,"[{'id': 28, 'name': 'Action'}, {'id': 12, 'name': 'Adventure'}, {'id': 18, 'name': 'Drama'}, {'id': 10749, 'name': 'Romance'}]",1952-01-01,26175
1952,25,Best Motion Picture,0,Moulin Rouge,United Artists,0,1500000,119,6.7,28,1.797,"[{'id': 18, 'name': 'Drama'}, {'id': 10402, 'name': 'Music'}]",1952-12-23,10910
1952,25,Best Motion Picture,0,The Quiet Man,Republic Pictures,0,0,129,7.4,174,5.84,"[{'id': 35, 'name': 'Comedy'}, {'id': 18, 'name': 'Drama'}, {'id': 10749, 'name': 'Romance'}]",1952-07-21,3109
1953,26,Best Motion Picture,1,From Here to Eternity,Columbia Pictures,30500000,1650000,118,7.4,217,5.101,"[{'id': 18, 'name': 'Drama'}, {'id': 10749, 'name': 'Romance'}, {'id': 10752, 'name': 'War'}]",1953-08-28,11426
1953,26,Best Motion Picture,0,Julius Caesar,Metro-Goldwyn-Mayer,0,0,120,7.2,58,3.402,"[{'id': 18, 'name': 'Drama'}, {'id': 36, 'name': 'History'}]",1953-06-04,18019
1953,26,Best Motion Picture,0,The Robe,20th Century Fox,36000000,4100000,135,6.5,74,3.712,"[{'id': 18, 'name': 'Drama'}, {'id': 36, 'name': 'History'}]",1953-09-16,29912
1953,26,Best Motion Picture,0,Roman Holiday,Paramount,12000000,1500000,119,7.9,796,5.766,"[{'id': 35, 'name': 'Comedy'}, {'id': 10749, 'name': 'Romance'}, {'id': 18, 'name': 'Drama'}]",1953-08-26,804
1953,26,Best Motion Picture,0,Shane,Paramount,20000000,3100000,118,7.4,225,5.226,"[{'id': 18, 'name': 'Drama'}, {'id': 37, 'name': 'Western'}]",1953-04-23,3110
1954,27,Best Motion Picture,0,The Caine Mutiny,Stanley Kramer Productions,21750000,2000000,124,7.3,116,4.935,"[{'id': 18, 'name': 'Drama'}, {'id': 10752, 'name': 'War'}]",1954-06-23,10178
1954,27,Best Motion Picture,0,The Country Girl,Paramount,0,0,104,7.7,20,1.975,"[{'id': 10402, 'name': 'Music'}, {'id': 18, 'name': 'Drama'}]",1954-05-17,2438
1954,27,Best Motion Picture,1,On the Waterfront,Horizon Pictures,9600000,910000,108,8.1,577,6.047,"[{'id': 80, 'name': 'Crime'}, {'id': 18, 'name': 'Drama'}]",1954-06-22,654
1954,27,Best Motion Picture,0,Seven Brides for Seven Brothers,Metro-Goldwyn-Mayer,5000000,0,102,7.4,215,5.383,"[{'id': 35, 'name': 'Comedy'}, {'id': 18, 'name': 'Drama'}, {'id': 37, 'name': 'Western'}, {'id': 10402, 'name': 'Music'}]",1954-07-22,16563
1954,27,Best Motion Picture,0,Three Coins in the Fountain,20th Century Fox,0,0,102,6.2,18,1.487,"[{'id': 18, 'name': 'Drama'}]",1954-05-01,41503
1955,28,Best Motion Picture,0,Love Is a Many-Splendored Thing,20th Century Fox,0,0,102,6.4,31,1.933,"[{'id': 18, 'name': 'Drama'}, {'id': 10749, 'name': 'Romance'}]",1955-08-18,53879
1955,28,Best Motion Picture,1,Marty,United Artists,3000000,343000,90,7.5,111,4.965,"[{'id': 18, 'name': 'Drama'}, {'id': 10749, 'name': 'Romance'}]",1955-04-11,15919
1955,28,Best Motion Picture,0,Mister Roberts,Warner Bros. Pictures,0,0,123,7.2,55,2.315,"[{'id': 35, 'name': 'Comedy'}, {'id': 18, 'name': 'Drama'}, {'id': 10751, 'name': 'Family'}, {'id': 10752, 'name': 'War'}]",1955-07-13,37853
1955,28,Best Motion Picture,0,Picnic,Columbia Pictures,0,0,115,6.9,31,2.525,"[{'id': 18, 'name': 'Drama'}, {'id': 10749, 'name': 'Romance'}]",1955-11-18,39940
1955,28,Best Motion Picture,0,The Rose Tattoo,Paramount,0,0,117,7.6,19,1.281,"[{'id': 18, 'name': 'Drama'}, {'id': 10749, 'name': 'Romance'}]",1955-12-12,65550
1956,29,Best Motion Picture,1,Around the World in Eighty Days,Michael Todd Company,42000000,6000000,167,6.5,161,5.555,"[{'id': 12, 'name': 'Adventure'}, {'id': 35, 'name': 'Comedy'}, {'id': 10751, 'name': 'Family'}, {'id': 14, 'name': 'Fantasy'}, {'id': 10749, 'name': 'Romance'}]",1956-10-17,2897
1956,29,Best Motion Picture,0,Friendly Persuasion,Allied Artists,0,0,137,6.5,33,1.723,"[{'id': 18, 'name': 'Drama'}, {'id': 37, 'name': 'Western'}, {'id': 10752, 'name': 'War'}]",1956-11-25,43258
1956,29,Best Motion Picture,0,Giant,Warner Bros. Pictures,35000000,5400000,201,7.6,266,5.691,"[{'id': 28, 'name': 'Action'}, {'id': 18, 'name': 'Drama'}, {'id': 37, 'name': 'Western'}, {'id': 10749, 'name': 'Romance'}]",1956-10-10,1712
1956,29,Best Motion Picture,0,The King and I,20th Century Fox,21300000,4550000,133,7.3,159,6.399,"[{'id': 18, 'name': 'Drama'}, {'id': 10749, 'name': 'Romance'}, {'id': 12, 'name': 'Adventure'}]",1956-06-29,16520
1956,29,Best Motion Picture,0,The Ten Commandments,Paramount,122700000,13000000,220,7.6,512,6.804,"[{'id': 18, 'name': 'Drama'}, {'id': 36, 'name': 'History'}]",1956-10-05,6844
1957,30,Best Motion Picture,1,The Bridge on the River Kwai,Horizon Pictures (II),27200000,3000000,161,7.9,814,6.516,"[{'id': 18, 'name': 'Drama'}, {'id': 36, 'name': 'History'}, {'id': 10752, 'name': 'War'}]",1957-10-02,826
1957,30,Best Motion Picture,0,Peyton Place,Jerry Wald Productions,0,0,151,7.1,24,1.761,"[{'id': 18, 'name': 'Drama'}, {'id': 10749, 'name': 'Romance'}]",1957-12-13,43236
1957,30,Best Motion Picture,0,Sayonara,Pennebaker Productions,0,0,147,6.8,38,2.286,"[{'id': 18, 'name': 'Drama'}, {'id': 10749, 'name': 'Romance'}]",1957-12-05,40885
1957,30,Best Motion Picture,0,12 Angry Men,United Artists,1000000,350000,97,8.4,3233,13.247,"[{'id': 18, 'name': 'Drama'}]",1957-03-25,389
1957,30,Best Motion Picture,0,Witness for the Prosecution,Edward Small Productions,9000000,3000000,116,8.3,445,7.139,"[{'id': 18, 'name': 'Drama'}, {'id': 9648, 'name': 'Mystery'}, {'id': 80, 'name': 'Crime'}]",1957-12-17,37257
1958,31,Best Motion Picture,0,Auntie Mame,Warner Bros. Pictures,0,0,143,7.2,40,2.476,"[{'id': 35, 'name': 'Comedy'}, {'id': 18, 'name': 'Drama'}]",1958-12-27,16347
1958,31,Best Motion Picture,0,Cat on a Hot Tin Roof,Avon Production,17570324,3000000,108,7.8,272,5.062,"[{'id': 18, 'name': 'Drama'}, {'id': 10749, 'name': 'Romance'}]",1958-02-17,261
1958,31,Best Motion Picture,0,The Defiant Ones,Curtleigh Productions,0,0,96,7.0,73,3.763,"[{'id': 80, 'name': 'Crime'}, {'id': 18, 'name': 'Drama'}]",1958-08-14,11414
1958,31,Best Motion Picture,1,Gigi,Arthur Freed Production,0,3319355,116,6.4,108,4.604,"[{'id': 35, 'name': 'Comedy'}, {'id': 10402, 'name': 'Music'}, {'id': 10749, 'name': 'Romance'}]",1958-04-15,17281
1958,31,Best Motion Picture,0,Separate Tables,Norlan Productions,0,0,100,7.1,39,2.557,"[{'id': 18, 'name': 'Drama'}, {'id': 10749, 'name': 'Romance'}]",1958-12-18,43136
1959,32,Best Motion Picture,0,Anatomy of a Murder,Columbia Pictures,0,0,160,7.9,315,7.85,"[{'id': 80, 'name': 'Crime'}, {'id': 18, 'name': 'Drama'}, {'id': 9648, 'name': 'Mystery'}, {'id': 53, 'name': 'Thriller'}]",1959-07-01,93
1959,32,Best Motion Picture,1,Ben-Hur,Metro-Goldwyn-Mayer,146900000,15000000,212,7.7,1027,9.496,"[{'id': 12, 'name': 'Adventure'}, {'id': 36, 'name': 'History'}]",1959-12-26,665
1959,32,Best Motion Picture,0,The Diary of Anne Frank,George Stevens Productions,0,3000000,180,7.2,122,4.723,"[{'id': 18, 'name': 'Drama'}, {'id': 36, 'name': 'History'}]",1959-03-18,2576
1959,32,Best Motion Picture,0,The Nun's Story,Warner Bros. Pictures,12800000,3500000,149,7.3,66,3.34,"[{'id': 18, 'name': 'Drama'}]",1959-06-18,27029
1959,32,Best Motion Picture,0,Room at the Top,Romulus Films,0,0,115,6.9,26,3.048,"[{'id': 18, 'name': 'Drama'}, {'id': 10749, 'name': 'Romance'}]",1959-01-22,43103
1960,33,Best Motion Picture,0,The Alamo,United Artists,7900000,12000000,167,6.8,112,5.526,"[{'id': 28, 'name': 'Action'}, {'id': 12, 'name': 'Adventure'}, {'id': 18, 'name': 'Drama'}, {'id': 36, 'name': 'History'}, {'id': 37, 'name': 'Western'}]",1960-10-23,11209
1960,33,Best Motion Picture,1,The Apartment,United Artists,25000000,3000000,125,8.2,771,8.775,"[{'id': 35, 'name': 'Comedy'}, {'id': 18, 'name': 'Drama'}, {'id': 10749, 'name': 'Romance'}]",1960-06-15,284
1960,33,Best Motion Picture,0,Elmer Gantry,United Artists,10400000,3000000,146,7.5,49,2.137,"[{'id': 18, 'name': 'Drama'}]",1960-06-19,22013
1960,33,Best Motion Picture,0,Sons and Lovers,N/A,0,0,103,6.6,7,0.839,"[{'id': 18, 'name': 'Drama'}]",1960-08-29,53939
1960,33,Best Motion Picture,0,The Sundowners,Warner Bros. Pictures,0,0,133,6.5,18,1.301,"[{'id': 18, 'name': 'Drama'}, {'id': 12, 'name': 'Adventure'}]",1960-12-08,43047
1961,34,Best Motion Picture,0,Fanny,Mansfield Productions,0,0,134,6.5,12,1.551,"[{'id': 18, 'name': 'Drama'}, {'id': 10749, 'name': 'Romance'}]",1961-06-28,84050
1961,34,Best Motion Picture,0,The Guns of Navarone,Highroad Productions,28900000,6000000,158,7.5,273,5.689,"[{'id': 28, 'name': 'Action'}, {'id': 12, 'name': 'Adventure'}, {'id': 18, 'name': 'Drama'}, {'id': 10752, 'name': 'War'}]",1961-04-27,10911
1961,34,Best Motion Picture,0,The Hustler,Rossen Films,7600000,2000000,134,7.8,370,9.667,"[{'id': 18, 'name': 'Drama'}]",1961-09-25,990
1961,34,Best Motion Picture,0,Judgment at Nuremberg,United Artists,10000000,3000000,186,8.0,253,6.093,"[{'id': 18, 'name': 'Drama'}, {'id': 36, 'name': 'History'}]",1961-12-01,821
1961,34,Best Motion Picture,1,West Side Story,United Artists,43656822,6000000,152,7.3,686,7.356,"[{'id': 80, 'name': 'Crime'}, {'id': 18, 'name': 'Drama'}, {'id': 10749, 'name': 'Romance'}, {'id': 10402, 'name': 'Music'}]",1961-10-18,1725
1962,35,Best Picture,1,Lawrence of Arabia,Horizon Pictures (II),69995385,15000000,216,8.0,1273,9.094,"[{'id': 12, 'name': 'Adventure'}, {'id': 18, 'name': 'Drama'}, {'id': 36, 'name': 'History'}, {'id': 10752, 'name': 'War'}]",1962-12-10,947
1962,35,Best Picture,0,The Longest Day,Darryl F. Zanuck Productions,50100000,10000000,178,7.5,362,6.095,"[{'id': 18, 'name': 'Drama'}, {'id': 36, 'name': 'History'}, {'id': 10752, 'name': 'War'}]",1962-09-25,9289
1962,35,Best Picture,0,Double Indemnity,Paramount,2500000,927262,107,8.2,644,5.554,"[{'id': 80, 'name': 'Crime'}, {'id': 18, 'name': 'Drama'}, {'id': 9648, 'name': 'Mystery'}, {'id': 53, 'name': 'Thriller'}]",1944-04-24,996
1962,35,Best Picture,0,Mutiny on the Bounty,Arcola Pictures,13680000,19000000,178,6.9,101,4.762,"[{'id': 12, 'name': 'Adventure'}, {'id': 18, 'name': 'Drama'}, {'id': 36, 'name': 'History'}]",1962-11-08,11085
1962,35,Best Picture,0,To Kill a Mockingbird,Universal International Pictures,13129846,2000000,129,8.0,1142,5.854,"[{'id': 80, 'name': 'Crime'}, {'id': 18, 'name': 'Drama'}]",1962-12-25,595
1963,36,Best Picture,0,America America,Athena Enterprises,0,0,174,6.4,26,0.964,"[{'id': 18, 'name': 'Drama'}, {'id': 36, 'name': 'History'}]",1963-12-15,47249
1963,36,Best Picture,0,Cleopatra,MCL Films S.A.,71000000,31115000,248,6.9,227,6.439,"[{'id': 18, 'name': 'Drama'}, {'id': 36, 'name': 'History'}, {'id': 10749, 'name': 'Romance'}]",1963-06-12,8095
1963,36,Best Picture,0,How the West Was Won,Metro-Goldwyn-Mayer,50000000,15000000,162,7.0,133,5.98,"[{'id': 37, 'name': 'Western'}, {'id': 36, 'name': 'History'}]",1962-11-01,11897
1963,36,Best Picture,0,Lilies of the Field,Rainbow Productions,0,0,94,7.2,39,2.15,"[{'id': 35, 'name': 'Comedy'}, {'id': 18, 'name': 'Drama'}]",1963-06-04,38805
1963,36,Best Picture,1,Tom Jones,Woodfall Film Productions,37600000,1000000,128,6.6,53,4.589,"[{'id': 12, 'name': 'Adventure'}, {'id': 35, 'name': 'Comedy'}, {'id': 10749, 'name': 'Romance'}]",1963-08-24,5769
1964,37,Best Picture,0,Becket,Paramount,0,0,148,7.4,67,2.825,"[{'id': 18, 'name': 'Drama'}, {'id': 36, 'name': 'History'}]",1964-03-11,15421
1964,37,Best Picture,0,Dr. Strangelove or: How I Learned to Stop Worrying and Love the Bomb,Hawk Films,9440272,1800000,95,8.1,2348,8.483,"[{'id': 18, 'name': 'Drama'}, {'id': 35, 'name': 'Comedy'}, {'id': 10752, 'name': 'War'}]",1964-01-29,935
1964,37,Best Picture,0,Mary Poppins,Walt Disney Productions,102272727,6000000,139,7.5,2033,9.715,"[{'id': 35, 'name': 'Comedy'}, {'id': 10751, 'name': 'Family'}, {'id': 14, 'name': 'Fantasy'}]",1964-08-27,433
1964,37,Best Picture,1,My Fair Lady,Warner Bros. Pictures,72070731,17000000,170,7.7,540,8.439,"[{'id': 18, 'name': 'Drama'}, {'id': 10749, 'name': 'Romance'}]",1964-10-21,11113
1964,37,Best Picture,0,Αλέξης Ζορμπάς,20th Century Fox,0,783000,142,7.4,106,4.756,"[{'id': 12, 'name': 'Adventure'}, {'id': 18, 'name': 'Drama'}]",1964-12-14,10604
1965,38,Best Picture,0,Darling,Vic Films Productions,0,0,128,6.7,41,4.586,"[{'id': 18, 'name': 'Drama'}, {'id': 10749, 'name': 'Romance'}]",1965-08-03,24134
1965,38,Best Picture,0,Doctor Zhivago,Metro-Goldwyn-Mayer,111858363,11000000,200,7.6,405,4.915,"[{'id': 18, 'name': 'Drama'}, {'id': 10749, 'name': 'Romance'}, {'id': 10752, 'name': 'War'}]",1965-12-22,907
1965,38,Best Picture,0,Ship of Fools,Stanley Kramer Productions,0,0,149,6.2,24,2.326,"[{'id': 18, 'name': 'Drama'}, {'id': 10752, 'name': 'War'}, {'id': 10749, 'name': 'Romance'}]",1965-07-29,30080
1965,38,Best Picture,1,The Sound of Music,Robert Wise Productions,286214286,8200000,174,7.6,1458,8.17,"[{'id': 18, 'name': 'Drama'}, {'id': 10751, 'name': 'Family'}, {'id': 10402, 'name': 'Music'}, {'id': 10749, 'name': 'Romance'}]",1965-03-02,15121
1965,38,Best Picture,0,A Thousand Clowns,Harrell,0,0,118,7.4,11,0.687,"[{'id': 35, 'name': 'Comedy'}, {'id': 18, 'name': 'Drama'}, {'id': 10749, 'name': 'Romance'}]",1965-12-13,42731
1966,39,Best Picture,0,Alfie,Paramount,0,0,114,6.7,90,3.369,"[{'id': 35, 'name': 'Comedy'}, {'id': 18, 'name': 'Drama'}, {'id': 10749, 'name': 'Romance'}]",1966-03-29,15598
1966,39,Best Picture,1,A Man for All Seasons,Highland Films,28350000,3900000,120,7.6,136,5.283,"[{'id': 18, 'name': 'Drama'}, {'id': 36, 'name': 'History'}]",1966-12-12,874
1966,39,Best Picture,0,"The Russians Are Coming, The Russians Are Coming",The Mirisch Corporation,0,0,126,6.4,39,2.331,"[{'id': 35, 'name': 'Comedy'}, {'id': 10752, 'name': 'War'}]",1966-05-25,31918
1966,39,Best Picture,0,The Sand Pebbles,Robert Wise Productions,20000000,12000000,182,7.3,95,5.858,"[{'id': 28, 'name': 'Action'}, {'id': 12, 'name': 'Adventure'}, {'id': 18, 'name': 'Drama'}, {'id': 10752, 'name': 'War'}, {'id': 10749, 'name': 'Romance'}]",1966-12-20,5923
1966,39,Best Picture,0,Who's Afraid of Virginia Woolf?,Chenault Productions,33736689,7500000,131,8.0,299,5.537,"[{'id': 18, 'name': 'Drama'}]",1966-06-21,396
1967,40,Best Picture,0,Bonnie and Clyde,Tatira-Hiller Productions,50700000,2500000,111,7.6,576,5.059,"[{'id': 80, 'name': 'Crime'}, {'id': 18, 'name': 'Drama'}]",1967-07-18,475
1967,40,Best Picture,0,Doctor Dolittle,APJAC Productions,9000000,18000000,152,6.0,64,4.65,"[{'id': 12, 'name': 'Adventure'}, {'id': 35, 'name': 'Comedy'}, {'id': 10751, 'name': 'Family'}, {'id': 14, 'name': 'Fantasy'}, {'id': 10402, 'name': 'Music'}]",1967-12-19,16081
1967,40,Best Picture,0,The Graduate,Lawrence Turman,104945305,3000000,106,7.7,1316,6.593,"[{'id': 35, 'name': 'Comedy'}, {'id': 18, 'name': 'Drama'}]",1967-12-21,37247
1967,40,Best Picture,0,Guess Who's Coming to Dinner,Stanley Kramer Productions,56666667,4000000,108,7.7,276,5.91,"[{'id': 35, 'name': 'Comedy'}, {'id': 18, 'name': 'Drama'}, {'id': 10749, 'name': 'Romance'}]",1967-12-11,1879
1967,40,Best Picture,1,In the Heat of the Night,United Artists,27379978,2000000,109,7.7,339,5.801,"[{'id': 80, 'name': 'Crime'}, {'id': 18, 'name': 'Drama'}, {'id': 9648, 'name': 'Mystery'}, {'id': 53, 'name': 'Thriller'}]",1967-08-02,10633
1968,41,Best Picture,0,Funny Girl,Rastar Productions,52223306,14000000,149,7.1,136,4.613,"[{'id': 35, 'name': 'Comedy'}, {'id': 18, 'name': 'Drama'}, {'id': 10749, 'name': 'Romance'}]",1968-09-19,16085
1968,41,Best Picture,0,The Lion in Winter,AVCO Embassy Pictures,0,0,134,7.6,122,5.835,"[{'id': 18, 'name': 'Drama'}, {'id': 36, 'name': 'History'}]",1968-01-01,18988
1968,41,Best Picture,1,Oliver!,Warwick Film Productions,37402877,10000000,153,7.1,157,5.555,"[{'id': 18, 'name': 'Drama'}, {'id': 10751, 'name': 'Family'}, {'id': 10402, 'name': 'Music'}]",1968-09-26,17917
1968,41,Best Picture,0,"Rachel, Rachel",Kayos Productions,0,0,101,6.6,20,1.258,"[{'id': 18, 'name': 'Drama'}, {'id': 10749, 'name': 'Romance'}]",1968-01-01,42635
1968,41,Best Picture,0,Romeo and Juliet,Paramount,38901218,0,138,7.4,240,5.036,"[{'id': 18, 'name': 'Drama'}, {'id': 10749, 'name': 'Romance'}]",1968-04-02,6003
1969,42,Best Picture,0,Anne of the Thousand Days,Hal Wallis Productions,0,0,145,7.1,42,2.962,"[{'id': 18, 'name': 'Drama'}, {'id': 36, 'name': 'History'}, {'id': 10749, 'name': 'Romance'}]",1969-12-18,22522
1969,42,Best Picture,0,Butch Cassidy and the Sundance Kid,Campanile Productions,102308889,6000000,111,7.6,911,7.445,"[{'id': 80, 'name': 'Crime'}, {'id': 18, 'name': 'Drama'}, {'id': 36, 'name': 'History'}, {'id': 37, 'name': 'Western'}, {'id': 35, 'name': 'Comedy'}]",1969-09-23,642
1969,42,Best Picture,0,"Hello, Dolly!",Chenault Productions,33208099,24000000,146,7.0,90,4.682,"[{'id': 35, 'name': 'Comedy'}, {'id': 10751, 'name': 'Family'}, {'id': 10402, 'name': 'Music'}, {'id': 10749, 'name': 'Romance'}]",1969-12-12,14030
1969,42,Best Picture,1,Midnight Cowboy,Florin Productions,44785053,3600000,113,7.6,476,6.422,"[{'id': 18, 'name': 'Drama'}]",1969-05-25,3116
1969,42,Best Picture,0,Z,Valoria Films,83305,0,127,8.1,145,6.69,"[{'id': 18, 'name': 'Drama'}, {'id': 36, 'name': 'History'}, {'id': 53, 'name': 'Thriller'}]",1969-02-26,2721
1970,43,Best Picture,0,Airport,Universal Pictures,100489151,10000000,137,6.4,136,5.233,"[{'id': 28, 'name': 'Action'}, {'id': 18, 'name': 'Drama'}, {'id': 53, 'name': 'Thriller'}]",1970-03-05,10671
1970,43,Best Picture,0,Five Easy Pieces,Raybert Productions,0,0,98,7.3,176,5.432,"[{'id': 18, 'name': 'Drama'}]",1970-09-12,26617
1970,43,Best Picture,0,Love Story,Paramount,136400000,2200000,99,6.6,213,4.932,"[{'id': 18, 'name': 'Drama'}, {'id': 10749, 'name': 'Romance'}]",1970-12-16,9062
1970,43,Best Picture,1,M*A*S*H,Aspen Productions (I),81600000,3500000,116,7.0,353,6.649,"[{'id': 35, 'name': 'Comedy'}, {'id': 18, 'name': 'Drama'}, {'id': 10752, 'name': 'War'}]",1970-01-24,651
1970,43,Best Picture,1,Patton,20th Century Fox,89800000,12000000,172,7.4,461,6.648,"[{'id': 18, 'name': 'Drama'}, {'id': 36, 'name': 'History'}, {'id': 10752, 'name': 'War'}]",1970-01-25,11202
1971,44,Best Picture,0,A Clockwork Orange,Warner Bros. Pictures,26589000,2200000,136,8.2,5695,13.513,"[{'id': 878, 'name': 'Science Fiction'}, {'id': 18, 'name': 'Drama'}]",1971-12-18,185
1971,44,Best Picture,0,Fiddler on the Roof,United Artists,83304330,9000000,181,7.8,188,6.226,"[{'id': 18, 'name': 'Drama'}, {'id': 10749, 'name': 'Romance'}]",1971-11-03,14811
1971,44,Best Picture,1,The French Connection,D'Antoni Productions,41158757,1800000,104,7.5,654,6.499,"[{'id': 28, 'name': 'Action'}, {'id': 80, 'name': 'Crime'}, {'id': 53, 'name': 'Thriller'}]",1971-10-09,1051
1971,44,Best Picture,0,The Last Picture Show,BBS Productions,29133000,1300000,119,7.8,213,5.122,"[{'id': 18, 'name': 'Drama'}]",1971-10-02,25188
1971,44,Best Picture,0,Nicholas and Alexandra,Columbia Pictures,0,0,189,7.3,23,2.669,"[{'id': 10749, 'name': 'Romance'}, {'id': 18, 'name': 'Drama'}, {'id': 10752, 'name': 'War'}]",1971-11-29,38646
1972,45,Best Picture,0,Cabaret,Allied Artists Pictures,0,6000000,124,7.5,337,5.988,"[{'id': 18, 'name': 'Drama'}, {'id': 10749, 'name': 'Romance'}, {'id': 10402, 'name': 'Music'}]",1972-02-13,10784
1972,45,Best Picture,0,Deliverance,Elmer Enterprises,46122355,2000000,109,7.3,639,5.869,"[{'id': 18, 'name': 'Drama'}, {'id': 12, 'name': 'Adventure'}, {'id': 53, 'name': 'Thriller'}]",1972-07-30,10669
1972,45,Best Picture,0,Utvandrarna,Svensk Filmindustri (SF),0,0,191,7.0,36,3.01,"[{'id': 12, 'name': 'Adventure'}, {'id': 18, 'name': 'Drama'}]",1971-03-08,40732
1972,45,Best Picture,1,The Godfather,Paramount,245066411,6000000,175,8.6,8795,20.842,"[{'id': 18, 'name': 'Drama'}, {'id': 80, 'name': 'Crime'}]",1972-03-14,238
1972,45,Best Picture,0,Sounder,Radnitz/Mattel Productions,0,0,105,7.3,13,1.046,"[{'id': 18, 'name': 'Drama'}]",1972-09-24,42489
1973,46,Best Picture,0,American Graffiti,Universal Pictures,140000000,777000,110,7.1,539,6.732,"[{'id': 35, 'name': 'Comedy'}, {'id': 18, 'name': 'Drama'}]",1973-08-01,838
1973,46,Best Picture,0,Double Indemnity,Paramount,2500000,927262,107,8.2,644,5.554,"[{'id': 80, 'name': 'Crime'}, {'id': 18, 'name': 'Drama'}, {'id': 9648, 'name': 'Mystery'}, {'id': 53, 'name': 'Thriller'}]",1944-04-24,996
1973,46,Best Picture,0,The Exorcist,Hoya Productions,441306145,8000000,122,7.6,3328,10.25,"[{'id': 18, 'name': 'Drama'}, {'id': 27, 'name': 'Horror'}, {'id': 53, 'name': 'Thriller'}]",1973-12-26,9552
1973,46,Best Picture,1,The Sting,Universal Pictures,159616327,5500000,129,8.0,975,5.865,"[{'id': 35, 'name': 'Comedy'}, {'id': 80, 'name': 'Crime'}, {'id': 18, 'name': 'Drama'}]",1973-12-25,9277
1973,46,Best Picture,0,A Touch of Class,Brut Productions,0,0,106,6.4,19,2.043,"[{'id': 35, 'name': 'Comedy'}, {'id': 10749, 'name': 'Romance'}]",1973-01-01,42458
1974,47,Best Picture,0,Chinatown,Paramount,30000000,6000000,130,7.9,1484,7.939,"[{'id': 80, 'name': 'Crime'}, {'id': 18, 'name': 'Drama'}, {'id': 9648, 'name': 'Mystery'}, {'id': 53, 'name': 'Thriller'}]",1974-06-20,829
1974,47,Best Picture,0,The Conversation,Paramount,4420000,1600000,113,7.6,546,5.858,"[{'id': 80, 'name': 'Crime'}, {'id': 18, 'name': 'Drama'}, {'id': 9648, 'name': 'Mystery'}]",1974-04-07,592
1974,47,Best Picture,1,The Godfather: Part II,Paramount,102600000,13000000,200,8.5,5116,17.917,"[{'id': 18, 'name': 'Drama'}, {'id': 80, 'name': 'Crime'}]",1974-12-20,240
1974,47,Best Picture,0,Lenny,Marvin Worth Productions,0,0,111,7.4,70,3.817,"[{'id': 18, 'name': 'Drama'}]",1974-11-10,27094
1974,47,Best Picture,0,The Towering Inferno,United Films,116000000,14000000,159,7.1,346,6.859,"[{'id': 28, 'name': 'Action'}, {'id': 53, 'name': 'Thriller'}]",1974-12-14,5919
1975,48,Best Picture,0,Barry Lyndon,Hawk Films,20000000,11000000,184,7.9,941,6.094,"[{'id': 18, 'name': 'Drama'}, {'id': 10749, 'name': 'Romance'}, {'id': 10752, 'name': 'War'}]",1975-11-26,3175
1975,48,Best Picture,0,Dog Day Afternoon,Artists Entertainment Complex,46665856,1800000,125,7.8,1062,7.752,"[{'id': 80, 'name': 'Crime'}, {'id': 18, 'name': 'Drama'}, {'id': 53, 'name': 'Thriller'}]",1975-08-11,968
1975,48,Best Picture,0,Jaws,Zanuck/Brown Productions,470700000,7000000,124,7.6,4219,13.475,"[{'id': 27, 'name': 'Horror'}, {'id': 53, 'name': 'Thriller'}, {'id': 12, 'name': 'Adventure'}]",1975-06-18,578
1975,48,Best Picture,0,Nashville,American Broadcasting Company (ABC),0,2200000,160,7.4,127,5.547,"[{'id': 18, 'name': 'Drama'}, {'id': 10402, 'name': 'Music'}, {'id': 35, 'name': 'Comedy'}]",1975-06-11,3121
1975,48,Best Picture,1,One Flew Over the Cuckoo's Nest,United Artists,108981275,3000000,133,8.4,4758,17.614,"[{'id': 18, 'name': 'Drama'}]",1975-11-18,510
1976,49,Best Picture,0,All the President's Men,Wildwood Enterprises,70600000,8500000,138,7.7,645,12.847,"[{'id': 18, 'name': 'Drama'}, {'id': 36, 'name': 'History'}, {'id': 9648, 'name': 'Mystery'}, {'id': 53, 'name': 'Thriller'}]",1976-04-04,891
1976,49,Best Picture,0,Bound for Glory,United Artists,0,0,147,7.3,24,2.907,"[{'id': 10402, 'name': 'Music'}]",1976-12-05,42232
1976,49,Best Picture,0,Network,United Artists,23689877,3800000,122,8.0,607,4.684,"[{'id': 18, 'name': 'Drama'}]",1976-11-01,10774
1976,49,Best Picture,1,Rocky,Winkler Films,117235147,1000000,119,7.6,3095,16.455,"[{'id': 18, 'name': 'Drama'}]",1976-11-21,1366
1976,49,Best Picture,0,Taxi Driver,Italo/Judeo Productions,28262574,1300000,114,8.1,4403,10.652,"[{'id': 80, 'name': 'Crime'}, {'id': 18, 'name': 'Drama'}]",1976-02-07,103
1977,50,Best Picture,1,Annie Hall,United Artists,38251425,4000000,93,7.8,1685,8.666,"[{'id': 35, 'name': 'Comedy'}, {'id': 18, 'name': 'Drama'}, {'id': 10749, 'name': 'Romance'}]",1977-04-19,703
1977,50,Best Picture,0,The Goodbye Girl,Rastar Pictures,102000000,0,111,7.1,51,2.393,"[{'id': 35, 'name': 'Comedy'}, {'id': 10749, 'name': 'Romance'}]",1977-11-30,14741
1977,50,Best Picture,0,Julia,20th Century Fox,0,0,117,6.9,43,3.41,"[{'id': 18, 'name': 'Drama'}]",1977-10-02,42222
1977,50,Best Picture,0,Star Wars,Lucasfilm,775398007,11000000,121,8.2,10160,25.026,"[{'id': 12, 'name': 'Adventure'}, {'id': 28, 'name': 'Action'}, {'id': 878, 'name': 'Science Fiction'}]",1977-05-25,11
1977,50,Best Picture,0,The Turning Point,Hera Productions,0,0,119,6.4,21,1.529,"[{'id': 18, 'name': 'Drama'}, {'id': 10749, 'name': 'Romance'}]",1977-11-14,61280
1978,51,Best Picture,0,Coming Home,United Artists,0,3000000,127,7.2,62,2.819,"[{'id': 18, 'name': 'Drama'}, {'id': 10749, 'name': 'Romance'}, {'id': 10752, 'name': 'War'}]",1978-02-15,31657
1978,51,Best Picture,1,The Deer Hunter,Universal Pictures,50000000,15000000,183,8.0,1503,8.012,"[{'id': 18, 'name': 'Drama'}, {'id': 10752, 'name': 'War'}]",1978-12-08,11778
1978,51,Best Picture,0,Heaven Can Wait,Paramount,0,0,101,6.5,133,4.842,"[{'id': 14, 'name': 'Fantasy'}, {'id': 35, 'name': 'Comedy'}]",1978-06-28,12185
1978,51,Best Picture,0,Midnight Express,Columbia Pictures,35000000,2300000,121,7.7,532,5.635,"[{'id': 18, 'name': 'Drama'}, {'id': 80, 'name': 'Crime'}]",1978-09-12,11327
1978,51,Best Picture,0,An Unmarried Woman,20th Century Fox,24000000,2515000,124,6.7,21,1.342,"[{'id': 18, 'name': 'Drama'}, {'id': 10749, 'name': 'Romance'}, {'id': 35, 'name': 'Comedy'}]",1978-05-26,38731
1979,52,Best Picture,0,All That Jazz,Columbia Pictures,37823676,0,123,7.3,133,4.634,"[{'id': 18, 'name': 'Drama'}]",1979-12-20,16858
1979,52,Best Picture,0,Apocalypse Now,United Artists,89460381,31500000,147,8.2,3354,12.137,"[{'id': 18, 'name': 'Drama'}, {'id': 10752, 'name': 'War'}]",1979-08-15,28
1979,52,Best Picture,0,Breaking Away,20th Century Fox,20000000,2300000,100,7.4,98,5.586,"[{'id': 18, 'name': 'Drama'}, {'id': 35, 'name': 'Comedy'}]",1979-05-24,20283
1979,52,Best Picture,1,Kramer vs. Kramer,Columbia Pictures,106260000,8000000,105,7.5,811,6.23,"[{'id': 18, 'name': 'Drama'}]",1979-12-18,12102
1979,52,Best Picture,0,Norma Rae,20th Century Fox,22228000,0,110,7.2,51,3.084,"[{'id': 18, 'name': 'Drama'}]",1979-03-02,40842
1980,53,Best Picture,0,Coal Miner's Daughter,Universal Pictures,67182787,15000000,125,7.1,97,4.602,"[{'id': 18, 'name': 'Drama'}, {'id': 10402, 'name': 'Music'}]",1980-03-07,16769
1980,53,Best Picture,0,The Elephant Man,Brooksfilms,26010864,5000000,124,8.0,1240,5.971,"[{'id': 18, 'name': 'Drama'}, {'id': 36, 'name': 'History'}]",1980-10-02,1955
1980,53,Best Picture,1,Ordinary People,Paramount,0,6000000,124,7.5,210,5.78,"[{'id': 18, 'name': 'Drama'}]",1980-09-19,16619
1980,53,Best Picture,0,Raging Bull,United Artists,23000000,18000000,129,7.9,1567,7.734,"[{'id': 18, 'name': 'Drama'}]",1980-11-14,1578
1980,53,Best Picture,0,Tess,Renn Productions,0,0,171,6.8,108,5.475,"[{'id': 18, 'name': 'Drama'}, {'id': 10749, 'name': 'Romance'}]",1979-10-06,11121
1981,54,Best Picture,0,Atlantic City,Paramount,12729675,7200000,104,6.9,75,3.545,"[{'id': 80, 'name': 'Crime'}, {'id': 18, 'name': 'Drama'}, {'id': 10749, 'name': 'Romance'}]",1980-09-02,23954
1981,54,Best Picture,1,Chariots of Fire,The Ladd Company,58972904,5500000,123,6.9,321,6.38,"[{'id': 18, 'name': 'Drama'}, {'id': 36, 'name': 'History'}]",1981-05-15,9443
1981,54,Best Picture,0,On Golden Pond,Universal Pictures,19255967,0,109,7.5,158,5.127,"[{'id': 18, 'name': 'Drama'}]",1981-12-04,11816
1981,54,Best Picture,0,Raiders of the Lost Ark,Lucasfilm,389925971,18000000,115,7.8,5788,13.559,"[{'id': 12, 'name': 'Adventure'}, {'id': 28, 'name': 'Action'}]",1981-06-12,85
1981,54,Best Picture,0,Reds,JRS Productions,40382659,32000000,195,7.2,110,4.577,"[{'id': 18, 'name': 'Drama'}, {'id': 36, 'name': 'History'}]",1981-12-25,18254
1982,55,Best Picture,0,E.T. the Extra-Terrestrial,Universal Pictures,792965326,10500000,115,7.4,5504,12.943,"[{'id': 878, 'name': 'Science Fiction'}, {'id': 12, 'name': 'Adventure'}, {'id': 10751, 'name': 'Family'}, {'id': 14, 'name': 'Fantasy'}]",1982-06-11,601
1982,55,Best Picture,1,Gandhi,Goldcrest Films International,77737889,22000000,191,7.5,1046,7.752,"[{'id': 18, 'name': 'Drama'}, {'id': 36, 'name': 'History'}]",1982-11-30,783
1982,55,Best Picture,0,Missing,Universal Pictures,14000000,0,122,7.4,117,4.047,"[{'id': 18, 'name': 'Drama'}, {'id': 36, 'name': 'History'}, {'id': 9648, 'name': 'Mystery'}, {'id': 53, 'name': 'Thriller'}]",1982-02-12,15600
1982,55,Best Picture,0,Tootsie,Mirage Enterprises,177200000,21000000,116,7.1,680,5.959,"[{'id': 35, 'name': 'Comedy'}, {'id': 10749, 'name': 'Romance'}]",1982-12-16,9576
1982,55,Best Picture,0,The Verdict,20th Century Fox,53977250,16000000,129,7.5,199,5.014,"[{'id': 18, 'name': 'Drama'}]",1982-12-08,24226
1983,56,Best Picture,0,The Big Chill,Columbia Pictures,0,0,105,7.1,200,5.035,"[{'id': 35, 'name': 'Comedy'}, {'id': 18, 'name': 'Drama'}]",1983-09-09,12560
1983,56,Best Picture,0,The Dresser,N/A,0,0,118,6.6,20,1.044,"[{'id': 18, 'name': 'Drama'}]",1983-12-06,42122
1983,56,Best Picture,0,The Right Stuff,The Ladd Company,21500000,27000000,193,7.5,338,4.386,"[{'id': 18, 'name': 'Drama'}, {'id': 36, 'name': 'History'}]",1983-10-20,9549
1983,56,Best Picture,0,Tender Mercies,Antron Media Production,0,0,92,6.7,32,5.702,"[{'id': 18, 'name': 'Drama'}, {'id': 10402, 'name': 'Music'}, {'id': 10749, 'name': 'Romance'}]",1983-04-02,42121
1983,56,Best Picture,1,Terms of Endearment,Paramount,0,8000000,132,7.2,287,5.935,"[{'id': 35, 'name': 'Comedy'}, {'id': 18, 'name': 'Drama'}]",1983-11-20,11050
1984,57,Best Picture,1,Amadeus,Warner Bros. Pictures,51973029,18000000,160,8.0,1776,8.071,"[{'id': 18, 'name': 'Drama'}, {'id': 36, 'name': 'History'}, {'id': 10402, 'name': 'Music'}]",1984-10-26,279
1984,57,Best Picture,0,The Killing Fields,Goldcrest Films International,34700291,14400000,141,7.6,251,6.2,"[{'id': 18, 'name': 'Drama'}, {'id': 36, 'name': 'History'}, {'id': 10752, 'name': 'War'}]",1984-11-02,625
1984,57,Best Picture,0,A Passage to India,Columbia Pictures,27187653,8000000,163,6.9,105,5.0,"[{'id': 18, 'name': 'Drama'}, {'id': 12, 'name': 'Adventure'}, {'id': 36, 'name': 'History'}]",1984-12-14,15927
1984,57,Best Picture,0,Places in the Heart,TriStar Pictures,0,0,111,7.3,45,2.278,"[{'id': 18, 'name': 'Drama'}, {'id': 10751, 'name': 'Family'}]",1984-09-11,13681
1984,57,Best Picture,0,A Soldier's Story,Caldix,21821347,6000000,101,6.7,68,3.184,"[{'id': 18, 'name': 'Drama'}, {'id': 9648, 'name': 'Mystery'}, {'id': 10752, 'name': 'War'}, {'id': 80, 'name': 'Crime'}]",1984-09-14,26522
1985,58,Best Picture,0,The Color Purple,Amblin Entertainment,146292009,15000000,154,7.8,595,7.172,"[{'id': 18, 'name': 'Drama'}]",1985-12-18,873
1985,58,Best Picture,0,Kiss of the Spider Woman,Hector Babenco Filmes,0,0,120,7.1,78,4.215,"[{'id': 18, 'name': 'Drama'}]",1985-07-26,11703
1985,58,Best Picture,1,Out of Africa,Universal Pictures,128499205,31000000,161,7.2,491,5.687,"[{'id': 36, 'name': 'History'}, {'id': 10749, 'name': 'Romance'}, {'id': 18, 'name': 'Drama'}]",1985-12-20,606
1985,58,Best Picture,0,Prizzi's Honor,ABC Pictures,26657534,0,124,6.5,126,4.438,"[{'id': 10749, 'name': 'Romance'}, {'id': 35, 'name': 'Comedy'}, {'id': 80, 'name': 'Crime'}, {'id': 18, 'name': 'Drama'}]",1985-06-14,2075
1985,58,Best Picture,0,Witness,Paramount,68706993,12000000,113,7.0,613,7.538,"[{'id': 80, 'name': 'Crime'}, {'id': 18, 'name': 'Drama'}, {'id': 10749, 'name': 'Romance'}, {'id': 53, 'name': 'Thriller'}]",1985-02-08,9281
1986,59,Best Picture,0,Children of a Lesser God,Paramount,31853080,0,119,7.0,107,3.969,"[{'id': 18, 'name': 'Drama'}, {'id': 10749, 'name': 'Romance'}]",1986-09-13,1890
1986,59,Best Picture,0,Hannah and Her Sisters,Orion Pictures,40084041,6400000,107,7.6,369,5.006,"[{'id': 35, 'name': 'Comedy'}, {'id': 18, 'name': 'Drama'}]",1986-02-07,5143
1986,59,Best Picture,0,The Mission,AMLF,17218023,24500000,126,7.3,489,4.579,"[{'id': 12, 'name': 'Adventure'}, {'id': 18, 'name': 'Drama'}, {'id': 28, 'name': 'Action'}, {'id': 36, 'name': 'History'}]",1986-09-29,11416
1986,59,Best Picture,1,Platoon,Hemdale Film Corporation,138530565,6000000,120,7.7,1843,10.467,"[{'id': 18, 'name': 'Drama'}, {'id': 10752, 'name': 'War'}, {'id': 28, 'name': 'Action'}]",1986-12-19,792
1986,59,Best Picture,0,A Room with a View,Curzon Film Distributors,20966644,3000000,117,7.1,280,5.697,"[{'id': 18, 'name': 'Drama'}, {'id': 10749, 'name': 'Romance'}]",1985-12-13,11257
1987,60,Best Picture,0,Broadcast News,Amercent Films,51249404,20000000,133,6.8,146,4.508,"[{'id': 35, 'name': 'Comedy'}, {'id': 18, 'name': 'Drama'}, {'id': 10749, 'name': 'Romance'}]",1987-12-16,12626
1987,60,Best Picture,0,Fatal Attraction,Paramount,320145693,14000000,119,6.7,519,5.037,"[{'id': 18, 'name': 'Drama'}, {'id': 27, 'name': 'Horror'}, {'id': 9648, 'name': 'Mystery'}, {'id': 10749, 'name': 'Romance'}, {'id': 53, 'name': 'Thriller'}]",1987-09-11,10998
1987,60,Best Picture,0,Hope and Glory,Columbia Pictures,0,0,113,6.7,64,3.049,"[{'id': 18, 'name': 'Drama'}, {'id': 10752, 'name': 'War'}, {'id': 35, 'name': 'Comedy'}, {'id': 36, 'name': 'History'}]",1987-09-03,32054
1987,60,Best Picture,1,The Last Emperor,Hemdale Film Corporation,43984230,23000000,163,7.5,547,14.812,"[{'id': 18, 'name': 'Drama'}, {'id': 36, 'name': 'History'}]",1987-10-21,746
1987,60,Best Picture,0,Moonstruck,Star Partners,80640528,0,102,6.8,297,6.462,"[{'id': 35, 'name': 'Comedy'}, {'id': 18, 'name': 'Drama'}, {'id': 10749, 'name': 'Romance'}]",1987-12-18,2039
1988,61,Best Picture,0,The Accidental Tourist,Warner Bros. Pictures,0,0,121,6.2,83,4.977,"[{'id': 18, 'name': 'Drama'}, {'id': 10749, 'name': 'Romance'}, {'id': 35, 'name': 'Comedy'}]",1988-12-23,31052
1988,61,Best Picture,0,Dangerous Liaisons,Lorimar Film Entertainment,34670720,14000000,119,7.2,447,4.583,"[{'id': 18, 'name': 'Drama'}, {'id': 10749, 'name': 'Romance'}]",1988-12-16,859
1988,61,Best Picture,0,Mississippi Burning,Orion Pictures,34604000,15000000,128,7.6,559,5.128,"[{'id': 53, 'name': 'Thriller'}, {'id': 80, 'name': 'Crime'}, {'id': 18, 'name': 'Drama'}]",1988-12-08,1632
1988,61,Best Picture,1,Rain Man,United Artists,412800000,25000000,134,7.7,2732,10.479,"[{'id': 18, 'name': 'Drama'}]",1988-12-11,380
1988,61,Best Picture,0,Working Girl,20th Century Fox,103173635,28000000,114,6.5,374,7.034,"[{'id': 35, 'name': 'Comedy'}, {'id': 18, 'name': 'Drama'}, {'id': 10749, 'name': 'Romance'}]",1988-12-20,3525
1989,62,Best Picture,0,Born on the Fourth of July,Universal Pictures,161001698,14000000,145,6.9,638,6.28,"[{'id': 18, 'name': 'Drama'}, {'id': 10752, 'name': 'War'}]",1989-12-20,2604
1989,62,Best Picture,0,Dead Poets Society,Touchstone Pictures,235860116,16400000,128,8.3,4866,11.643,"[{'id': 18, 'name': 'Drama'}]",1989-06-02,207
1989,62,Best Picture,1,Driving Miss Daisy,The Zanuck Company,145793296,7500000,99,7.2,553,7.744,"[{'id': 35, 'name': 'Comedy'}, {'id': 18, 'name': 'Drama'}]",1989-12-13,403
1989,62,Best Picture,0,Field of Dreams,Universal Pictures,84431625,0,107,7.1,589,7.831,"[{'id': 18, 'name': 'Drama'}, {'id': 14, 'name': 'Fantasy'}]",1989-04-21,2323
1989,62,Best Picture,0,My Left Foot: The Story of Christy Brown,Ferndale Films,14743391,645180,103,7.7,326,5.763,"[{'id': 18, 'name': 'Drama'}]",1989-07-21,10161
1990,63,Best Picture,0,Awakenings,Parkes/Lasker productions,52096475,0,120,7.7,937,6.485,"[{'id': 18, 'name': 'Drama'}]",1990-12-04,11005
1990,63,Best Picture,1,Dances with Wolves,Tig Productions,424208848,22000000,181,7.8,1680,8.313,"[{'id': 12, 'name': 'Adventure'}, {'id': 18, 'name': 'Drama'}, {'id': 37, 'name': 'Western'}]",1990-11-09,581
1990,63,Best Picture,0,Ghost,Paramount,505000000,22000000,127,7.0,2338,7.953,"[{'id': 14, 'name': 'Fantasy'}, {'id': 18, 'name': 'Drama'}, {'id': 53, 'name': 'Thriller'}, {'id': 9648, 'name': 'Mystery'}, {'id': 10749, 'name': 'Romance'}]",1990-07-12,251
1990,63,Best Picture,0,The Godfather: Part III,Paramount,136766062,54000000,162,7.3,2485,9.432,"[{'id': 80, 'name': 'Crime'}, {'id': 18, 'name': 'Drama'}, {'id': 53, 'name': 'Thriller'}]",1990-12-24,242
1990,63,Best Picture,0,Double Indemnity,Paramount,2500000,927262,107,8.2,644,5.554,"[{'id': 80, 'name': 'Crime'}, {'id': 18, 'name': 'Drama'}, {'id': 9648, 'name': 'Mystery'}, {'id': 53, 'name': 'Thriller'}]",1944-04-24,996
1991,64,Best Picture,0,Beauty and the Beast,Walt Disney Animation Studios,377350553,25000000,84,7.7,4942,13.705,"[{'id': 10749, 'name': 'Romance'}, {'id': 10751, 'name': 'Family'}, {'id': 16, 'name': 'Animation'}, {'id': 14, 'name': 'Fantasy'}, {'id': 10402, 'name': 'Music'}]",1991-11-13,10020
1991,64,Best Picture,0,Bugsy,Baltimore Pictures,49114016,30000000,134,6.3,122,5.542,"[{'id': 80, 'name': 'Crime'}, {'id': 18, 'name': 'Drama'}, {'id': 9648, 'name': 'Mystery'}]",1991-12-10,10337
1991,64,Best Picture,0,JFK,Ixtlan Productions,205405498,40000000,189,7.7,774,6.952,"[{'id': 18, 'name': 'Drama'}, {'id': 53, 'name': 'Thriller'}, {'id': 36, 'name': 'History'}]",1991-12-20,820
1991,64,Best Picture,0,The Prince of Tides,Columbia Pictures,74787599,30000000,132,6.5,94,4.772,"[{'id': 18, 'name': 'Drama'}, {'id': 10749, 'name': 'Romance'}]",1991-12-25,10333
1991,64,Best Picture,1,The Silence of the Lambs,Strong Heart/Demme Production,272742922,19000000,119,8.2,7256,3.797,"[{'id': 80, 'name': 'Crime'}, {'id': 18, 'name': 'Drama'}, {'id': 53, 'name': 'Thriller'}]",1991-02-01,274
1992,65,Best Picture,0,The Crying Game,Miramax,62548947,3705538,112,7.0,278,5.66,"[{'id': 10749, 'name': 'Romance'}, {'id': 80, 'name': 'Crime'}, {'id': 18, 'name': 'Drama'}, {'id': 53, 'name': 'Thriller'}]",1992-09-02,11386
1992,65,Best Picture,0,A Few Good Men,David Brown Productions,243240178,40000000,138,7.3,1387,7.447,"[{'id': 18, 'name': 'Drama'}]",1992-12-11,881
1992,65,Best Picture,0,Howards End,Merchant Ivory Productions,26126837,0,140,7.2,176,4.255,"[{'id': 18, 'name': 'Drama'}, {'id': 10749, 'name': 'Romance'}]",1992-03-13,8293
1992,65,Best Picture,0,Scent of a Woman,Universal Pictures,134095253,31000000,157,7.5,1165,7.859,"[{'id': 18, 'name': 'Drama'}]",1992-12-23,9475
1992,65,Best Picture,1,Unforgiven,Malpaso Productions,159157447,14000000,131,7.9,1690,9.152,"[{'id': 37, 'name': 'Western'}]",1992-08-07,33
1993,66,Best Picture,0,The Fugitive,Warner Bros. Pictures,368875760,44000000,131,7.3,1814,8.197,"[{'id': 12, 'name': 'Adventure'}, {'id': 28, 'name': 'Action'}, {'id': 53, 'name': 'Thriller'}, {'id': 80, 'name': 'Crime'}, {'id': 9648, 'name': 'Mystery'}]",1993-08-06,5503
1993,66,Best Picture,0,In the Name of the Father,Hell's Kitchen Films,65796862,13000000,133,7.9,628,4.68,"[{'id': 18, 'name': 'Drama'}]",1993-12-12,7984
1993,66,Best Picture,0,The Piano,New South Wales Film & Television Office,116700000,7000000,121,7.3,493,5.119,"[{'id': 18, 'name': 'Drama'}, {'id': 10749, 'name': 'Romance'}]",1993-05-19,713
1993,66,Best Picture,0,The Remains of the Day,Columbia Pictures,23237911,11500000,134,7.6,383,5.116,"[{'id': 18, 'name': 'Drama'}, {'id': 10749, 'name': 'Romance'}]",1993-11-05,1245
1993,66,Best Picture,1,Schindler's List,Universal Pictures,321365567,22000000,195,8.5,6823,22.904,"[{'id': 18, 'name': 'Drama'}, {'id': 36, 'name': 'History'}, {'id': 10752, 'name': 'War'}]",1993-12-15,424
1994,67,Best Picture,1,Forrest Gump,Paramount,677945399,55000000,142,8.4,12651,25.144,"[{'id': 35, 'name': 'Comedy'}, {'id': 18, 'name': 'Drama'}, {'id': 10749, 'name': 'Romance'}]",1994-07-06,13
1994,67,Best Picture,0,Four Weddings and a Funeral,PolyGram Filmed Entertainment,254700832,6000000,117,6.7,1100,7.161,"[{'id': 35, 'name': 'Comedy'}, {'id': 18, 'name': 'Drama'}, {'id': 10749, 'name': 'Romance'}]",1994-03-09,712
1994,67,Best Picture,0,Pulp Fiction,Miramax,213928762,8000000,154,8.4,13211,27.366,"[{'id': 53, 'name': 'Thriller'}, {'id': 80, 'name': 'Crime'}]",1994-09-10,680
1994,67,Best Picture,0,Quiz Show,Baltimore Pictures,0,0,133,7.3,378,5.355,"[{'id': 36, 'name': 'History'}, {'id': 18, 'name': 'Drama'}]",1994-08-25,11450
1994,67,Best Picture,0,The Shawshank Redemption,Castle Rock Entertainment,28341469,25000000,142,8.6,11510,24.44,"[{'id': 18, 'name': 'Drama'}, {'id': 80, 'name': 'Crime'}]",1994-09-23,278
1995,68,Best Picture,0,Apollo 13,Imagine Entertainment,355237933,52000000,140,7.4,2438,18.366,"[{'id': 18, 'name': 'Drama'}, {'id': 36, 'name': 'History'}]",1995-06-30,568
1995,68,Best Picture,0,Babe,Universal Pictures,254134910,30000000,89,6.1,1277,7.372,"[{'id': 14, 'name': 'Fantasy'}, {'id': 18, 'name': 'Drama'}, {'id': 35, 'name': 'Comedy'}, {'id': 10751, 'name': 'Family'}]",1995-07-18,9598
1995,68,Best Picture,1,Braveheart,Icon Entertainment International,210000000,72000000,177,7.8,4858,12.382,"[{'id': 28, 'name': 'Action'}, {'id': 18, 'name': 'Drama'}, {'id': 36, 'name': 'History'}, {'id': 10752, 'name': 'War'}]",1995-05-24,197
1995,68,Best Picture,0,Il postino,N/A,0,0,108,7.9,375,5.162,"[{'id': 35, 'name': 'Comedy'}, {'id': 18, 'name': 'Drama'}, {'id': 10749, 'name': 'Romance'}]",1994-09-22,11010
1995,68,Best Picture,0,Sense and Sensibility,Mirage Enterprises,134582776,16000000,136,7.4,590,7.427,"[{'id': 18, 'name': 'Drama'}, {'id': 10749, 'name': 'Romance'}]",1995-12-13,4584
1996,69,Best Picture,1,The English Patient,Miramax,231976425,27000000,162,7.1,880,8.676,"[{'id': 18, 'name': 'Drama'}, {'id': 10749, 'name': 'Romance'}, {'id': 10752, 'name': 'War'}]",1996-11-05,409
1996,69,Best Picture,0,Fargo,PolyGram Filmed Entertainment,60611975,7000000,98,7.8,3311,10.785,"[{'id': 80, 'name': 'Crime'}, {'id': 18, 'name': 'Drama'}, {'id': 53, 'name': 'Thriller'}]",1996-03-08,275
1996,69,Best Picture,0,Jerry Maguire,Gracie Films,273552592,50000000,139,6.8,1400,7.696,"[{'id': 35, 'name': 'Comedy'}, {'id': 18, 'name': 'Drama'}, {'id': 10749, 'name': 'Romance'}]",1996-12-13,9390
1996,69,Best Picture,0,Secrets & Lies,Channel Four Films,13417292,4500000,142,7.5,204,5.018,"[{'id': 18, 'name': 'Drama'}]",1996-05-24,11159
1996,69,Best Picture,0,Shine,Fine Line Features,35892330,5500000,105,7.4,234,4.602,"[{'id': 18, 'name': 'Drama'}]",1996-08-15,7863
1997,70,Best Picture,0,As Good as It Gets,Gracie Films,314178011,50000000,139,7.4,1478,5.918,"[{'id': 35, 'name': 'Comedy'}, {'id': 10749, 'name': 'Romance'}]",1997-12-19,2898
1997,70,Best Picture,0,The Full Monty,Redwave Films,257850122,3500000,91,6.9,657,8.424,"[{'id': 35, 'name': 'Comedy'}]",1997-08-13,9427
1997,70,Best Picture,0,Good Will Hunting,Miramax,225933435,10000000,127,8.0,4799,9.413,"[{'id': 18, 'name': 'Drama'}]",1997-12-05,489
1997,70,Best Picture,0,L.A. Confidential,Regency Enterprises,126216940,35000000,138,7.8,2027,8.976,"[{'id': 80, 'name': 'Crime'}, {'id': 18, 'name': 'Drama'}, {'id': 9648, 'name': 'Mystery'}, {'id': 53, 'name': 'Thriller'}]",1997-09-19,2118
1997,70,Best Picture,1,Titanic,Paramount,1845034188,200000000,194,7.7,12238,19.903,"[{'id': 18, 'name': 'Drama'}, {'id': 10749, 'name': 'Romance'}, {'id': 53, 'name': 'Thriller'}]",1997-11-18,597
1998,71,Best Picture,0,Elizabeth,PolyGram Filmed Entertainment,82150642,30000000,124,7.2,566,5.565,"[{'id': 18, 'name': 'Drama'}, {'id': 36, 'name': 'History'}]",1998-09-13,4518
1998,71,Best Picture,0,La vita è bella,Melampo Cinematografica,229400000,20000000,116,8.4,6198,19.96,"[{'id': 35, 'name': 'Comedy'}, {'id': 18, 'name': 'Drama'}]",1997-12-20,637
1998,71,Best Picture,0,Saving Private Ryan,Paramount,481840909,70000000,169,8.0,7338,13.64,"[{'id': 18, 'name': 'Drama'}, {'id': 36, 'name': 'History'}, {'id': 10752, 'name': 'War'}]",1998-07-24,857
1998,71,Best Picture,1,Shakespeare in Love,Universal Pictures,289317794,25000000,122,6.9,1448,6.976,"[{'id': 36, 'name': 'History'}, {'id': 10749, 'name': 'Romance'}, {'id': 35, 'name': 'Comedy'}]",1998-12-11,1934
1998,71,Best Picture,0,The Thin Red Line,Fox 2000 Pictures,98126565,52000000,170,7.3,1218,6.215,"[{'id': 18, 'name': 'Drama'}, {'id': 36, 'name': 'History'}, {'id': 10752, 'name': 'War'}]",1998-12-25,8741
1999,72,Best Picture,1,American Beauty,Jinks/Cohen Company,356296601,15000000,122,8.0,5576,11.106,"[{'id': 18, 'name': 'Drama'}]",1999-09-15,14
1999,72,Best Picture,0,The Cider House Rules,Miramax,88545092,24000000,126,7.0,466,6.342,"[{'id': 18, 'name': 'Drama'}]",1999-12-17,1715
1999,72,Best Picture,0,The Green Mile,Castle Rock Entertainment,284600000,60000000,189,8.4,6942,15.546,"[{'id': 14, 'name': 'Fantasy'}, {'id': 18, 'name': 'Drama'}, {'id': 80, 'name': 'Crime'}]",1999-12-10,497
1999,72,Best Picture,0,The Insider,Touchstone Pictures,60289912,90000000,157,7.4,730,4.681,"[{'id': 18, 'name': 'Drama'}, {'id': 53, 'name': 'Thriller'}]",1999-10-28,9008
1999,72,Best Picture,0,The Sixth Sense,Spyglass Entertainment,672806292,40000000,107,7.8,5177,11.413,"[{'id': 9648, 'name': 'Mystery'}, {'id': 53, 'name': 'Thriller'}, {'id': 18, 'name': 'Drama'}]",1999-08-06,745
2000,73,Best Picture,0,Chocolat,Fat Free,152500343,25000000,121,6.9,1582,6.917,"[{'id': 35, 'name': 'Comedy'}, {'id': 18, 'name': 'Drama'}, {'id': 10749, 'name': 'Romance'}]",2000-12-14,392
2000,73,Best Picture,0,卧虎藏龙,Sony Pictures Classics,213525736,17000000,120,7.3,1396,6.734,"[{'id': 12, 'name': 'Adventure'}, {'id': 18, 'name': 'Drama'}, {'id': 28, 'name': 'Action'}, {'id': 10749, 'name': 'Romance'}]",2000-07-06,146
2000,73,Best Picture,0,Erin Brockovich,Jersey Films,256271286,52000000,131,7.2,1254,5.798,"[{'id': 18, 'name': 'Drama'}]",2000-03-17,462
2000,73,Best Picture,1,Gladiator,Universal Pictures,457640427,103000000,155,8.1,8421,16.307,"[{'id': 28, 'name': 'Action'}, {'id': 18, 'name': 'Drama'}, {'id': 12, 'name': 'Adventure'}]",2000-05-01,98
2000,73,Best Picture,0,Traffic,USA Films,207515725,48000000,147,7.0,872,6.197,"[{'id': 53, 'name': 'Thriller'}, {'id': 18, 'name': 'Drama'}, {'id': 80, 'name': 'Crime'}]",2000-12-27,1900
2001,74,Best Picture,1,A Beautiful Mind,Universal Pictures,313542341,60000000,135,7.8,4745,9.462,"[{'id': 18, 'name': 'Drama'}, {'id': 10749, 'name': 'Romance'}]",2001-12-11,453
2001,74,Best Picture,0,Gosford Park,USA Films,87754044,19800000,131,7.0,395,9.007,"[{'id': 18, 'name': 'Drama'}, {'id': 9648, 'name': 'Mystery'}, {'id': 53, 'name': 'Thriller'}]",2001-11-07,5279
2001,74,Best Picture,0,In the Bedroom,Miramax,0,1700000,130,6.8,133,4.897,"[{'id': 18, 'name': 'Drama'}, {'id': 53, 'name': 'Thriller'}]",2001-11-23,1999
2001,74,Best Picture,0,The Lord of the Rings: The Fellowship of the Ring,New Line Cinema,871368364,93000000,178,8.2,12759,26.399,"[{'id': 12, 'name': 'Adventure'}, {'id': 14, 'name': 'Fantasy'}, {'id': 28, 'name': 'Action'}]",2001-12-18,120
2001,74,Best Picture,0,Moulin Rouge,United Artists,0,1500000,119,6.7,28,1.797,"[{'id': 18, 'name': 'Drama'}, {'id': 10402, 'name': 'Music'}]",1952-12-23,10910
2002,75,Best Picture,1,Chicago,Miramax,306776732,45000000,113,7.1,1120,9.902,"[{'id': 35, 'name': 'Comedy'}, {'id': 80, 'name': 'Crime'}, {'id': 18, 'name': 'Drama'}, {'id': 10402, 'name': 'Music'}]",2002-12-26,1574
2002,75,Best Picture,0,Gangs of New York,Miramax,193772504,100000000,167,7.2,3008,7.72,"[{'id': 18, 'name': 'Drama'}, {'id': 36, 'name': 'History'}, {'id': 80, 'name': 'Crime'}]",2002-12-14,3131
2002,75,Best Picture,0,The Hours,Paramount,41597830,25000000,114,7.3,738,5.057,"[{'id': 18, 'name': 'Drama'}]",2002-12-27,590
2002,75,Best Picture,0,The Lord of the Rings: The Two Towers,New Line Cinema,926287400,79000000,179,8.2,11015,20.227,"[{'id': 12, 'name': 'Adventure'}, {'id': 14, 'name': 'Fantasy'}, {'id': 28, 'name': 'Action'}]",2002-12-18,121
2002,75,Best Picture,0,The Pianist,Canal+ Polska,120072577,35000000,150,8.2,3247,9.483,"[{'id': 18, 'name': 'Drama'}, {'id': 10752, 'name': 'War'}]",2002-09-24,423
2003,76,Best Picture,1,The Lord of the Rings: The Return of the King,New Line Cinema,1118888979,94000000,201,8.4,11623,22.994,"[{'id': 12, 'name': 'Adventure'}, {'id': 14, 'name': 'Fantasy'}, {'id': 28, 'name': 'Action'}]",2003-12-01,122
2003,76,Best Picture,0,Lost in Translation,American Zoetrope,119723856,4000000,102,7.4,2930,9.996,"[{'id': 18, 'name': 'Drama'}]",2003-08-31,153
2003,76,Best Picture,0,Master and Commander: The Far Side of the World,Universal Pictures,212011111,150000000,138,7.1,1281,14.906,"[{'id': 12, 'name': 'Adventure'}, {'id': 18, 'name': 'Drama'}]",2003-11-14,8619
2003,76,Best Picture,0,Mystic River,Malpaso Productions,156822020,25000000,138,7.7,2509,6.696,"[{'id': 53, 'name': 'Thriller'}, {'id': 80, 'name': 'Crime'}, {'id': 18, 'name': 'Drama'}, {'id': 9648, 'name': 'Mystery'}]",2003-10-07,322
2003,76,Best Picture,0,Seabiscuit,Touchstone Pictures,148336445,87000000,141,6.9,353,4.972,"[{'id': 18, 'name': 'Drama'}, {'id': 36, 'name': 'History'}]",2003-07-22,4464
2004,77,Best Picture,0,The Aviator,Miramax,102000000,116000000,170,7.1,2336,8.199,"[{'id': 18, 'name': 'Drama'}]",2004-12-17,2567
2004,77,Best Picture,0,Finding Neverland,Film Colony,116766556,25000000,106,7.3,2011,7.178,"[{'id': 18, 'name': 'Drama'}]",2004-10-17,866
2004,77,Best Picture,1,Million Dollar Baby,Lakeshore Entertainment,216763646,30000000,132,7.9,4134,12.908,"[{'id': 18, 'name': 'Drama'}]",2004-12-15,70
2004,77,Best Picture,0,Ray,Bristol Bay Productions,124731534,40000000,152,7.3,736,6.686,"[{'id': 18, 'name': 'Drama'}, {'id': 10402, 'name': 'Music'}]",2004-10-29,1677
2004,77,Best Picture,0,Sideways,Fox Searchlight Pictures,109502303,16000000,127,7.1,705,6.032,"[{'id': 35, 'name': 'Comedy'}, {'id': 18, 'name': 'Drama'}, {'id': 10749, 'name': 'Romance'}]",2004-10-22,9675
2005,78,Best Picture,0,Brokeback Mountain,Good Machine,178043761,14000000,134,7.7,2760,12.622,"[{'id': 18, 'name': 'Drama'}, {'id': 10749, 'name': 'Romance'}]",2005-09-10,142
2005,78,Best Picture,0,Capote,Sony Pictures Classics,49084830,7000000,114,7.0,607,5.123,"[{'id': 80, 'name': 'Crime'}, {'id': 18, 'name': 'Drama'}]",2005-09-30,398
2005,78,Best Picture,1,Crash,Lionsgate,98410061,6500000,112,7.3,1687,11.457,"[{'id': 18, 'name': 'Drama'}]",2005-05-06,1640
2005,78,Best Picture,0,"Good Night, and Good Luck.",Warner Independent Pictures (WIP),54600000,7000000,93,7.1,395,5.426,"[{'id': 18, 'name': 'Drama'}, {'id': 36, 'name': 'History'}]",2005-09-16,3291
2005,78,Best Picture,0,Munich,Universal Pictures,130358911,70000000,164,7.1,1084,6.54,"[{'id': 18, 'name': 'Drama'}, {'id': 28, 'name': 'Action'}, {'id': 36, 'name': 'History'}, {'id': 53, 'name': 'Thriller'}]",2005-12-23,612
2006,79,Best Picture,0,Babel,Babel Productions Inc.,135330182,25000000,143,7.0,1633,8.266,"[{'id': 18, 'name': 'Drama'}]",2006-09-08,1164
2006,79,Best Picture,1,The Departed,Vertigo Entertainment,289847354,90000000,151,8.1,6781,11.885,"[{'id': 18, 'name': 'Drama'}, {'id': 53, 'name': 'Thriller'}, {'id': 80, 'name': 'Crime'}]",2006-10-05,1422
2006,79,Best Picture,0,Letters from Iwo Jima,Amblin Entertainment,68673228,19000000,141,7.4,849,4.778,"[{'id': 28, 'name': 'Action'}, {'id': 18, 'name': 'Drama'}, {'id': 10752, 'name': 'War'}]",2006-12-19,1251
2006,79,Best Picture,0,Little Miss Sunshine,Fox Searchlight Pictures,100523181,8000000,102,7.6,2952,6.743,"[{'id': 35, 'name': 'Comedy'}, {'id': 18, 'name': 'Drama'}]",2006-07-26,773
2006,79,Best Picture,0,The Queen,BIM Distribuzione,123384128,15000000,103,7.0,547,5.594,"[{'id': 18, 'name': 'Drama'}]",2006-09-15,1165
2007,80,Best Picture,0,Atonement,Universal Pictures,129266061,30000000,123,7.6,1727,7.334,"[{'id': 18, 'name': 'Drama'}, {'id': 10749, 'name': 'Romance'}]",2007-08-29,4347
2007,80,Best Picture,0,Juno,Mandate Pictures,231411584,7500000,96,7.0,3610,9.043,"[{'id': 35, 'name': 'Comedy'}, {'id': 18, 'name': 'Drama'}, {'id': 10749, 'name': 'Romance'}]",2007-12-05,7326
2007,80,Best Picture,0,Michael Clayton,Castle Rock Entertainment,92991835,25000000,119,6.7,733,5.106,"[{'id': 18, 'name': 'Drama'}, {'id': 9648, 'name': 'Mystery'}, {'id': 80, 'name': 'Crime'}, {'id': 53, 'name': 'Thriller'}]",2007-09-28,4566
2007,80,Best Picture,1,No Country for Old Men,Paramount Vantage,171627166,25000000,122,7.9,4967,11.99,"[{'id': 80, 'name': 'Crime'}, {'id': 18, 'name': 'Drama'}, {'id': 53, 'name': 'Thriller'}]",2007-11-08,6977
2007,80,Best Picture,0,There Will Be Blood,Paramount Vantage,77208711,25000000,158,8.0,2480,8.896,"[{'id': 18, 'name': 'Drama'}]",2007-12-28,7345
2008,81,Best Picture,0,The Curious Case of Benjamin Button,Paramount,333932083,150000000,166,7.4,5551,12.044,"[{'id': 14, 'name': 'Fantasy'}, {'id': 18, 'name': 'Drama'}, {'id': 53, 'name': 'Thriller'}, {'id': 9648, 'name': 'Mystery'}, {'id': 10749, 'name': 'Romance'}]",2008-12-25,4922
2008,81,Best Picture,0,Frost/Nixon,Universal Pictures,18593156,25000000,122,7.4,511,4.436,"[{'id': 18, 'name': 'Drama'}, {'id': 36, 'name': 'History'}]",2008-10-15,11499
2008,81,Best Picture,0,Milk,Focus Features,54586584,20000000,128,7.3,986,7.73,"[{'id': 36, 'name': 'History'}, {'id': 18, 'name': 'Drama'}]",2008-11-26,10139
2008,81,Best Picture,0,The Reader,Filmförderungsanstalt (FFA),113019290,32000000,124,7.4,1328,7.538,"[{'id': 18, 'name': 'Drama'}, {'id': 10749, 'name': 'Romance'}]",2008-12-10,8055
2008,81,Best Picture,1,Slumdog Millionaire,Celador Films,377910544,15000000,120,7.7,4826,13.97,"[{'id': 18, 'name': 'Drama'}, {'id': 10749, 'name': 'Romance'}]",2008-05-12,12405
2009,82,Best Picture,0,Avatar,Ingenious Film Partners,2787965087,237000000,162,7.4,16747,25.553,"[{'id': 28, 'name': 'Action'}, {'id': 12, 'name': 'Adventure'}, {'id': 14, 'name': 'Fantasy'}, {'id': 878, 'name': 'Science Fiction'}]",2009-12-10,19995
2009,82,Best Picture,0,The Blind Side,Alcon Entertainment,309208309,29000000,129,7.4,2407,8.971,"[{'id': 18, 'name': 'Drama'}]",2009-11-20,22881
2009,82,Best Picture,0,District 9,TriStar Pictures,210819611,30000000,112,7.3,4860,8.077,"[{'id': 878, 'name': 'Science Fiction'}]",2009-08-05,17654
2009,82,Best Picture,0,An Education,BBC Films,26096852,7500000,100,7.0,634,6.483,"[{'id': 18, 'name': 'Drama'}, {'id': 10749, 'name': 'Romance'}]",2009-10-29,24684
2009,82,Best Picture,1,The Hurt Locker,Grosvenor Park Media Ltd.,42000000,15000000,131,7.2,2703,8.852,"[{'id': 18, 'name': 'Drama'}, {'id': 53, 'name': 'Thriller'}, {'id': 10752, 'name': 'War'}]",2008-10-10,12162
2009,82,Best Picture,0,Inglourious Basterds,The Weinstein Company,319131050,70000000,153,8.1,10248,19.396,"[{'id': 18, 'name': 'Drama'}, {'id': 28, 'name': 'Action'}, {'id': 53, 'name': 'Thriller'}, {'id': 10752, 'name': 'War'}]",2009-08-18,16869
2009,82,Best Picture,0,Precious,Smokewood Entertainment Group,47536959,10000000,110,7.1,666,6.224,"[{'id': 18, 'name': 'Drama'}]",2009-11-06,25793
2009,82,Best Picture,0,A Serious Man,Mike Zoss Productions,31430334,7000000,105,6.7,819,7.116,"[{'id': 35, 'name': 'Comedy'}, {'id': 18, 'name': 'Drama'}]",2009-10-02,12573
2009,82,Best Picture,0,Up,Pixar,735099082,175000000,96,7.9,10801,15.811,"[{'id': 16, 'name': 'Animation'}, {'id': 35, 'name': 'Comedy'}, {'id': 10751, 'name': 'Family'}, {'id': 12, 'name': 'Adventure'}]",2009-05-28,14160
2009,82,Best Picture,0,Up in the Air,Right of Way Films,163670000,25000000,110,6.8,1817,7.248,"[{'id': 18, 'name': 'Drama'}, {'id': 10749, 'name': 'Romance'}]",2009-09-05,22947
2010,83,Best Picture,0,Black Swan,Dune Entertainment,327803731,13000000,108,7.5,7315,14.105,"[{'id': 18, 'name': 'Drama'}, {'id': 53, 'name': 'Thriller'}]",2010-12-03,44214
2010,83,Best Picture,0,The Fighter,Paramount,93617009,25000000,116,7.3,2070,7.825,"[{'id': 18, 'name': 'Drama'}]",2010-12-17,45317
2010,83,Best Picture,0,Inception,Legendary Entertainment,825532764,160000000,148,8.2,19695,25.825,"[{'id': 28, 'name': 'Action'}, {'id': 53, 'name': 'Thriller'}, {'id': 878, 'name': 'Science Fiction'}, {'id': 9648, 'name': 'Mystery'}, {'id': 12, 'name': 'Adventure'}]",2010-07-15,27205
2010,83,Best Picture,0,The Kids Are All Right,Focus Features,34705850,3500000,106,6.6,757,5.705,"[{'id': 35, 'name': 'Comedy'}, {'id': 18, 'name': 'Drama'}]",2010-07-09,39781
2010,83,Best Picture,1,The King's Speech,The Weinstein Company,414211549,15000000,118,7.7,4331,10.483,"[{'id': 18, 'name': 'Drama'}, {'id': 36, 'name': 'History'}]",2010-09-06,45269
2010,83,Best Picture,0,127 Hours,Fox Searchlight Pictures,35692920,18000000,94,7.0,3887,9.761,"[{'id': 12, 'name': 'Adventure'}, {'id': 18, 'name': 'Drama'}, {'id': 53, 'name': 'Thriller'}]",2010-11-05,44115
2010,83,Best Picture,0,The Social Network,Columbia Pictures,224920315,40000000,121,7.2,5244,13.087,"[{'id': 18, 'name': 'Drama'}]",2010-10-01,37799
2010,83,Best Picture,0,Toy Story 3,Pixar,1066969703,200000000,103,7.7,7235,13.853,"[{'id': 16, 'name': 'Animation'}, {'id': 10751, 'name': 'Family'}, {'id': 35, 'name': 'Comedy'}]",2010-06-16,10193
2010,83,Best Picture,0,True Grit,Paramount,252276927,38000000,110,7.2,2447,8.648,"[{'id': 18, 'name': 'Drama'}, {'id': 12, 'name': 'Adventure'}, {'id': 37, 'name': 'Western'}]",2010-12-22,44264
2010,83,Best Picture,0,Winter's Bone,Anonymous Content,13831503,2000000,101,6.9,825,6.096,"[{'id': 18, 'name': 'Drama'}]",2010-06-11,39013
2011,84,Best Picture,1,The Artist,uFilm,133432856,15000000,100,7.4,1568,7.98,"[{'id': 18, 'name': 'Drama'}, {'id': 35, 'name': 'Comedy'}, {'id': 10749, 'name': 'Romance'}]",2011-06-26,74643
2011,84,Best Picture,0,The Descendants,Dune Entertainment,177243185,20000000,115,6.8,1348,8.289,"[{'id': 35, 'name': 'Comedy'}, {'id': 18, 'name': 'Drama'}]",2011-09-09,65057
2011,84,Best Picture,0,Extremely Loud & Incredibly Close,Paramount,55247881,40000000,129,7.0,1097,6.421,"[{'id': 18, 'name': 'Drama'}]",2011-12-24,64685
2011,84,Best Picture,0,The Help,Touchstone Pictures,124272124,25000000,146,8.1,3319,7.556,"[{'id': 18, 'name': 'Drama'}]",2011-08-09,50014
2011,84,Best Picture,0,Hugo,Paramount,185770160,170000000,126,7.1,3504,9.115,"[{'id': 12, 'name': 'Adventure'}, {'id': 18, 'name': 'Drama'}, {'id': 10751, 'name': 'Family'}]",2011-11-22,44826
2011,84,Best Picture,0,Midnight in Paris,Pontchartrain Productions,151119219,30000000,94,7.5,3360,8.14,"[{'id': 14, 'name': 'Fantasy'}, {'id': 35, 'name': 'Comedy'}, {'id': 10749, 'name': 'Romance'}]",2011-05-11,59436
2011,84,Best Picture,0,Moneyball,Columbia Pictures,110206216,50000000,134,7.1,2000,7.61,"[{'id': 18, 'name': 'Drama'}]",2011-09-22,60308
2011,84,Best Picture,0,The Tree of Life,Plan B Entertainment,54674226,32000000,139,6.6,1516,8.239,"[{'id': 18, 'name': 'Drama'}, {'id': 14, 'name': 'Fantasy'}]",2011-05-18,8967
2011,84,Best Picture,0,War Horse,Touchstone Pictures,177584879,66000000,146,7.2,1595,7.377,"[{'id': 18, 'name': 'Drama'}, {'id': 10752, 'name': 'War'}]",2011-12-25,57212
2012,85,Best Picture,0,Amour,Wega Film,29844753,8900000,127,7.7,639,4.842,"[{'id': 18, 'name': 'Drama'}, {'id': 10749, 'name': 'Romance'}]",2012-07-01,86837
2012,85,Best Picture,1,Argo,GK Films,232324128,44500000,120,7.2,4629,9.411,"[{'id': 18, 'name': 'Drama'}, {'id': 53, 'name': 'Thriller'}]",2012-10-11,68734
2012,85,Best Picture,0,Beasts of the Southern Wild,Cinereach,21107746,1800000,93,6.9,556,5.37,"[{'id': 18, 'name': 'Drama'}, {'id': 14, 'name': 'Fantasy'}]",2012-06-29,84175
2012,85,Best Picture,0,Django Unchained,The Weinstein Company,425368238,100000000,165,8.0,13955,15.606,"[{'id': 18, 'name': 'Drama'}, {'id': 37, 'name': 'Western'}]",2012-12-25,68718
2012,85,Best Picture,0,Les Misérables,Working Title Films,441809770,61000000,157,7.3,2854,8.474,"[{'id': 36, 'name': 'History'}, {'id': 18, 'name': 'Drama'}]",2012-12-18,82695
2012,85,Best Picture,0,Life of Pi,Fox 2000 Pictures,609016565,120000000,127,7.3,7909,12.441,"[{'id': 12, 'name': 'Adventure'}, {'id': 18, 'name': 'Drama'}, {'id': 28, 'name': 'Action'}]",2012-11-20,87827
2012,85,Best Picture,0,Lincoln,DreamWorks,275293450,65000000,149,6.8,2009,8.864,"[{'id': 36, 'name': 'History'}, {'id': 18, 'name': 'Drama'}]",2012-11-09,72976
2012,85,Best Picture,0,Silver Linings Playbook,The Weinstein Company,236412453,21000000,122,7.0,6781,11.782,"[{'id': 18, 'name': 'Drama'}, {'id': 35, 'name': 'Comedy'}, {'id': 10749, 'name': 'Romance'}]",2012-09-08,82693
2012,85,Best Picture,0,Zero Dark Thirty,First Light,132820716,40000000,157,6.9,2300,7.892,"[{'id': 53, 'name': 'Thriller'}, {'id': 18, 'name': 'Drama'}, {'id': 36, 'name': 'History'}]",2012-12-19,97630
2013,86,Best Picture,0,American Hustle,Annapurna Pictures,251171807,40000000,138,6.8,3983,10.681,"[{'id': 18, 'name': 'Drama'}, {'id': 80, 'name': 'Crime'}]",2013-12-12,168672
2013,86,Best Picture,0,Captain Phillips,Columbia Pictures,95000000,55000000,134,7.6,3477,9.23,"[{'id': 28, 'name': 'Action'}, {'id': 18, 'name': 'Drama'}, {'id': 53, 'name': 'Thriller'}]",2013-10-10,109424
2013,86,Best Picture,0,Dallas Buyers Club,Universal Pictures,55198285,5000000,117,7.9,4325,10.502,"[{'id': 18, 'name': 'Drama'}, {'id': 36, 'name': 'History'}]",2013-11-17,152532
2013,86,Best Picture,0,Gravity,Esperanto Filmoj,716392705,105000000,91,7.2,8401,16.961,"[{'id': 878, 'name': 'Science Fiction'}, {'id': 53, 'name': 'Thriller'}, {'id': 18, 'name': 'Drama'}]",2013-10-03,49047
2013,86,Best Picture,0,Her,Annapurna Pictures,47351251,23000000,126,7.9,6547,10.208,"[{'id': 10749, 'name': 'Romance'}, {'id': 878, 'name': 'Science Fiction'}, {'id': 18, 'name': 'Drama'}]",2013-12-18,152601
2013,86,Best Picture,0,Nebraska,Paramount Vantage,17654912,12000000,115,7.4,866,5.267,"[{'id': 18, 'name': 'Drama'}, {'id': 12, 'name': 'Adventure'}]",2013-09-21,129670
2013,86,Best Picture,0,Philomena,Baby Cow Productions,100129872,12000000,98,7.4,833,6.773,"[{'id': 18, 'name': 'Drama'}]",2013-11-01,205220
2013,86,Best Picture,1,12 Years a Slave,New Regency Pictures,187000000,20000000,134,7.9,5726,13.377,"[{'id': 18, 'name': 'Drama'}, {'id': 36, 'name': 'History'}]",2013-10-18,76203
2013,86,Best Picture,0,The Wolf of Wall Street,EMJAG Productions,392000694,100000000,180,7.9,10571,15.307,"[{'id': 80, 'name': 'Crime'}, {'id': 18, 'name': 'Drama'}, {'id': 35, 'name': 'Comedy'}]",2013-12-25,106646
2014,87,Best Picture,0,American Sniper,RatPac-Dune Entertainment,542307423,58800000,133,7.4,6663,9.879,"[{'id': 10752, 'name': 'War'}, {'id': 28, 'name': 'Action'}]",2014-12-11,190859
2014,87,Best Picture,1,Birdman,TSG Entertainment,103215094,18000000,120,7.4,6665,19.535,"[{'id': 18, 'name': 'Drama'}, {'id': 35, 'name': 'Comedy'}]",2014-08-27,194662
2014,87,Best Picture,0,Boyhood,IFC Films,44349000,4000000,164,7.5,2764,8.841,"[{'id': 18, 'name': 'Drama'}]",2014-06-05,85350
2014,87,Best Picture,0,The Grand Budapest Hotel,Fox Searchlight Pictures,174600318,30000000,99,8.0,6984,14.211,"[{'id': 35, 'name': 'Comedy'}, {'id': 18, 'name': 'Drama'}]",2014-02-26,120467
2014,87,Best Picture,0,The Imitation Game,Bristol Automotive,233555708,14000000,113,8.1,9122,22.331,"[{'id': 36, 'name': 'History'}, {'id': 18, 'name': 'Drama'}, {'id': 53, 'name': 'Thriller'}, {'id': 10752, 'name': 'War'}]",2014-11-14,205596
2014,87,Best Picture,0,Selma,Plan B Entertainment,66787908,20000000,127,7.5,1180,6.184,"[{'id': 36, 'name': 'History'}, {'id': 18, 'name': 'Drama'}]",2014-12-25,273895
2014,87,Best Picture,0,The Theory of Everything,Working Title Films,123726688,15000000,123,7.9,5485,13.796,"[{'id': 18, 'name': 'Drama'}, {'id': 10749, 'name': 'Romance'}]",2014-11-26,266856
2014,87,Best Picture,0,Whiplash,Bold Films,13092000,3300000,107,8.4,6822,25.862,"[{'id': 18, 'name': 'Drama'}]",2014-10-10,244786
2015,88,Best Picture,0,The Big Short,Plan B Entertainment,133346506,28000000,131,7.3,3940,9.774,"[{'id': 35, 'name': 'Comedy'}, {'id': 18, 'name': 'Drama'}]",2015-12-11,318846
2015,88,Best Picture,0,Bridge of Spies,TSG Entertainment,165478348,40000000,141,7.2,3815,8.588,"[{'id': 53, 'name': 'Thriller'}, {'id': 18, 'name': 'Drama'}]",2015-10-15,296098
2015,88,Best Picture,0,Brooklyn,Wildgaze Films,62076141,11000000,111,7.3,1709,8.089,"[{'id': 18, 'name': 'Drama'}, {'id': 10749, 'name': 'Romance'}]",2015-10-20,167073
2015,88,Best Picture,0,Mad Max: Fury Road,Village Roadshow Pictures,378858340,150000000,121,7.4,13011,23.473,"[{'id': 28, 'name': 'Action'}, {'id': 12, 'name': 'Adventure'}, {'id': 878, 'name': 'Science Fiction'}, {'id': 53, 'name': 'Thriller'}]",2015-05-13,76341
2015,88,Best Picture,0,The Martian,Scott Free Productions,630161890,108000000,141,7.7,10736,23.734,"[{'id': 18, 'name': 'Drama'}, {'id': 12, 'name': 'Adventure'}, {'id': 878, 'name': 'Science Fiction'}]",2015-09-30,286217
2015,88,Best Picture,0,The Revenant,Monarchy Enterprises S.a.r.l.,532950503,135000000,156,7.4,9583,15.773,"[{'id': 37, 'name': 'Western'}, {'id': 18, 'name': 'Drama'}, {'id': 12, 'name': 'Adventure'}, {'id': 53, 'name': 'Thriller'}]",2015-12-25,281957
2015,88,Best Picture,0,Room,Elevation Pictures,35401758,6000000,117,8.1,4596,10.576,"[{'id': 18, 'name': 'Drama'}, {'id': 53, 'name': 'Thriller'}]",2015-10-16,264644
2015,88,Best Picture,1,Spotlight,Universal Pictures,88346473,20000000,129,7.8,4203,12.014,"[{'id': 18, 'name': 'Drama'}, {'id': 53, 'name': 'Thriller'}, {'id': 36, 'name': 'History'}]",2015-11-06,314365
